[2026-02-04T09:15:45+08:00][info] [银行卡模拟验证] ========== 开始 ==========
[2026-02-04T09:15:45+08:00][info] [银行卡模拟验证] 请求参数:
[2026-02-04T09:15:45+08:00][info] [银行卡模拟验证] - 银行卡号: 6223425531586599485
[2026-02-04T09:15:45+08:00][info] [银行卡模拟验证] - 持卡人姓名: 李四
[2026-02-04T09:15:45+08:00][info] [银行卡模拟验证] - 时间: 2026-02-04 09:15:45
[2026-02-04T09:15:45+08:00][info] [银行卡模拟验证] 请求体(Request Body):
[2026-02-04T09:15:45+08:00][info] [银行卡模拟验证] {"ParamType":"normal","VerifyMode":"VERIFY_BANK_CARD","ProductType":"BANK_CARD_2_META","BankCard":"6223425531586599485","UserName":"李四"}
[2026-02-04T09:15:45+08:00][info] [银行卡模拟验证] 请求头(Request Headers):
[2026-02-04T09:15:45+08:00][info] [银行卡模拟验证] - Content-Type: application/json
[2026-02-04T09:15:45+08:00][info] [银行卡模拟验证] - Accept: application/json
[2026-02-04T09:15:45+08:00][info] [银行卡模拟验证] - x-acs-action: BankMetaVerify
[2026-02-04T09:15:45+08:00][info] [银行卡模拟验证] - x-acs-version: 2019-03-07
[2026-02-04T09:15:45+08:00][info] [银行卡模拟验证] 结果: 失败 - 银行卡号与姓名不匹配
[2026-02-04T09:15:45+08:00][info] [银行卡模拟验证] ========== 结束 ==========
[2026-02-04T09:15:45+08:00][info] [银行卡验证] 频率限制已记录
[2026-02-04T12:18:45+08:00][info] 订单创建-购物车商品信息: {"product_id":12,"product_type":0,"relation_id":0,"settle_price":"0.00","cart_num":1}
[2026-02-04T12:18:45+08:00][info] 订单创建-供应商详细信息: []
[2026-02-04T12:18:45+08:00][info] 订单创建-最终结算价: supplier_id=0, settle_price=0, 供应商数量=0
[2026-02-04T12:19:05+08:00][info] 组合支付重试: 检测到之前的支付记录，准备清理
[2026-02-04T12:19:05+08:00][info] 之前记录 - 在线支付: 0, 福利金: 0, 余额: 0, pay_type: combination
[2026-02-04T12:19:05+08:00][info] 组合支付重试: 已清理之前的支付金额记录和pay_type
[2026-02-04T12:19:05+08:00][info] 支付方式判断: 福利金=39.8, 余额=0, 在线=0.10, 支付方式数量=2, 是否组合支付=是
[2026-02-04T12:19:05+08:00][info] 组合支付: 记录福利金支付金额 39.8 元，订单号: wx750328796749496320
[2026-02-04T12:19:05+08:00][info] 组合支付: 订单支付明细已记录，等待在线支付确认，订单号: wx750328796749496320
[2026-02-04T12:19:05+08:00][info] 生成支付单号: wx750328796749496320_1 (业务订单号: wx750328796749496320, 支付次数: 1)
[2026-02-04T12:19:05+08:00][info] 订单 wx750328796749496320 没有供应商商品,按平台订单处理
[2026-02-04T12:19:05+08:00][info] 订单 wx750328796749496320 平台订单,全额分账到平台: 金额=0.1元
[2026-02-04T12:19:05+08:00][info] 订单 wx750328796749496320 构建分账数据成功: 分账子订单数=1
[2026-02-04T12:19:05+08:00][info] H5支付使用测试配置: test
[2026-02-04T12:19:05+08:00][info] === 银联商务支付初始化 ===
[2026-02-04T12:19:05+08:00][info] 支付类型: h5
[2026-02-04T12:19:05+08:00][info] AppId: 10037e6f6823b20801682b6a5e5a0006
[2026-02-04T12:19:05+08:00][info] 商户号: 898201612345678
[2026-02-04T12:19:05+08:00][info] 终端号: 88880001
[2026-02-04T12:19:05+08:00][info] API地址: http://127.0.0.1:20199/mock/ums
[2026-02-04T12:19:05+08:00][info] 环境: 测试
[2026-02-04T12:19:05+08:00][info] === 银联H5支付 ===
[2026-02-04T12:19:05+08:00][info] site_url配置: https://test.wx.sunnycloudtop.com
[2026-02-04T12:19:05+08:00][info] request domain: http://test.wx.sunnycloudtop.com
[2026-02-04T12:19:05+08:00][info] 最终使用: https://test.wx.sunnycloudtop.com
[2026-02-04T12:19:05+08:00][info] H5_RETURN_URL配置: https://test.wx.sunnycloudtop.com
[2026-02-04T12:19:05+08:00][info] 完整通知URL: https://test.wx.sunnycloudtop.com/api/pay/ums/notify
[2026-02-04T12:19:05+08:00][info] 返回URL: https://test.wx.sunnycloudtop.com/pages/goods/order_pay_status/index?order_id=wx750328796749496320
[2026-02-04T12:19:05+08:00][info] 订单需要分账: {"divisionFlag":true,"asynDivisionFlag":true,"platformAmount":0,"subOrders":[{"mid":"898310100011808","merOrderId":"PLAT_wx750328796749496320_1","totalAmount":"10"}]}
[2026-02-04T12:19:05+08:00][info] === 银联H5支付下单 ===
[2026-02-04T12:19:05+08:00][info] 原始订单号: wx750328796749496320_1
[2026-02-04T12:19:05+08:00][info] 金额: 0.10元
[2026-02-04T12:19:05+08:00][info] 通知URL: https://test.wx.sunnycloudtop.com/api/pay/ums/notify
[2026-02-04T12:19:05+08:00][info] 返回URL: https://test.wx.sunnycloudtop.com/pages/goods/order_pay_status/index?order_id=wx750328796749496320
[2026-02-04T12:19:05+08:00][info] 分账数据: {"divisionFlag":true,"asynDivisionFlag":true,"platformAmount":0,"subOrders":[{"mid":"898310100011808","merOrderId":"PLAT_wx750328796749496320_1","totalAmount":"10"}]}
[2026-02-04T12:19:05+08:00][info] 金额(分): 10
[2026-02-04T12:19:05+08:00][info] 银联订单号: wx750328796749496320_1
[2026-02-04T12:19:05+08:00][info] 分账子订单: [{"mid":"898310100011808","merOrderId":"PLAT_wx750328796749496320_1","totalAmount":"10"}]
[2026-02-04T12:19:05+08:00][info] 请求参数: {"requestTimestamp":"2026-02-04 12:19:05","merOrderId":"wx750328796749496320_1","mid":"898201612345678","tid":"88880001","instMid":"H5DEFAULT","totalAmount":"10","orderDesc":"农夫山泉饮用水天然水红盖水桶装水5L*4桶整箱","notifyUrl":"https:\/\/test.wx.sunnycloudtop.com\/api\/pay\/ums\/notify","returnUrl":"https:\/\/test.wx.sunnycloudtop.com\/pages\/goods\/order_pay_status\/index?order_id=wx750328796749496320","divisionFlag":true,"platformAmount":0,"subOrders":[{"mid":"898310100011808","merOrderId":"PLAT_wx750328796749496320_1","totalAmount":"10"}]}
[2026-02-04T12:19:05+08:00][info] 请求URL: http://127.0.0.1:20199/mock/ums/v1/netpay/wxpay/h5-to-minipay
[2026-02-04T12:19:05+08:00][info] 响应数据: {"errCode":"SUCCESS","errMsg":"SUCCESS","payUrl":"https:\/\/test.wx.sunnycloudtop.com\/mock\/ums\/h5-pay-page?orderId=wx750328796749496320_1&amount=10&notifyUrl=http%3A%2F%2F127.0.0.1%3A20199%2Fapi%2Fpay%2Fums%2Fnotify"}
[2026-02-04T12:19:07+08:00][info] === 银联商务支付回调 ===
[2026-02-04T12:19:07+08:00][info] 回调数据: {"merOrderId":"wx750328796749496320_1","status":"TRADE_SUCCESS","totalAmount":"10","targetOrderId":"mock_trade_no_20260204121905","notifyId":"mock_notify_25b3c30a5e86","targetSys":"WXPay","tradeType":"H5","signType":"SHA256","sign":"86C25D828674133DF0A01736CBA55EA503485414F938564736BB340D2075A950"}
[2026-02-04T12:19:07+08:00][info] 回调Header: {"content-type":"application\/json","content-length":"299","host":"127.0.0.1:20199","connection":"close"}
[2026-02-04T12:19:07+08:00][info] === 银联商务支付初始化 ===
[2026-02-04T12:19:07+08:00][info] 支付类型: mini
[2026-02-04T12:19:07+08:00][info] AppId: 10037e6f6823b20801682b6a5e5a0006
[2026-02-04T12:19:07+08:00][info] 商户号: 898201612345678
[2026-02-04T12:19:07+08:00][info] 终端号: 88880001
[2026-02-04T12:19:07+08:00][info] API地址: http://127.0.0.1:20199/mock/ums
[2026-02-04T12:19:07+08:00][info] 环境: 测试
[2026-02-04T12:19:07+08:00][info] === 银联支付回调处理 ===
[2026-02-04T12:19:07+08:00][info] 回调数据: {"merOrderId":"wx750328796749496320_1","status":"TRADE_SUCCESS","totalAmount":"10","targetOrderId":"mock_trade_no_20260204121905","notifyId":"mock_notify_25b3c30a5e86","targetSys":"WXPay","tradeType":"H5","signType":"SHA256","sign":"86C25D828674133DF0A01736CBA55EA503485414F938564736BB340D2075A950"}
[2026-02-04T12:19:07+08:00][info] 签名类型: SHA256
[2026-02-04T12:19:07+08:00][info] 原始签名: 86C25D828674133DF0A01736CBA55EA503485414F938564736BB340D2075A950
[2026-02-04T12:19:07+08:00][info] 待签名字符串: merOrderId=wx750328796749496320_1&notifyId=mock_notify_25b3c30a5e86&signType=SHA256&status=TRADE_SUCCESS&targetOrderId=mock_trade_no_20260204121905&targetSys=WXPay&totalAmount=10&tradeType=H5bW3kxKW4dQmzYaNzj4DZS84H2fe6rzYfMY6TSXbSQ2y7WQY1
[2026-02-04T12:19:07+08:00][info] 计算签名: 86C25D828674133DF0A01736CBA55EA503485414F938564736BB340D2075A950
[2026-02-04T12:19:07+08:00][info] 签名验证成功
[2026-02-04T12:19:07+08:00][info] UMS notify uses targetOrderId as trade_no: mock_trade_no_20260204121905
[2026-02-04T12:19:07+08:00][info] 银联支付回调: 支付单号=wx750328796749496320_1, 业务订单号=wx750328796749496320, 支付系统=WXPay, 支付渠道=H5
[2026-02-04T12:19:07+08:00][info] === PaySuccessListener 处理支付成功事件 ===
[2026-02-04T12:19:07+08:00][info] 事件数据: {"order_id":"wx750328796749496320","pay_order_id":"wx750328796749496320_1","trade_no":"mock_trade_no_20260204121905","pay_type":"ums","target_sys":"WXPay","pay_channel":"h5","pay_time":1770178747,"notify_id":"mock_notify_25b3c30a5e86"}
[2026-02-04T12:19:07+08:00][info] 记录支付渠道到订单: h5
[2026-02-04T12:19:07+08:00][info] 实际支付单号: wx750328796749496320_1
[2026-02-04T12:19:07+08:00][info] 调用 paySuccess 方法: order_id=wx750328796749496320, pay_type=ums, trade_no=mock_trade_no_20260204121905, pay_channel=h5
[2026-02-04T12:19:07+08:00][info] === 组合支付回调：确认扣款 ===
[2026-02-04T12:19:07+08:00][info] 订单号: wx750328796749496320
[2026-02-04T12:19:07+08:00][info] === 确认组合支付，开始扣款 ===
[2026-02-04T12:19:07+08:00][info] 订单号: wx750328796749496320
[2026-02-04T12:19:07+08:00][info] 福利金: 39.8 元
[2026-02-04T12:19:07+08:00][info] 余额: 0 元
[2026-02-04T12:19:07+08:00][info] 福利金扣款成功: 39.8 元
[2026-02-04T12:19:07+08:00][info] 组合支付确认成功，福利金和余额已扣款，订单已标记为已支付
[2026-02-04T12:19:07+08:00][info] 组合支付: 等待支付回调统一触发支付成功事件
[2026-02-04T12:19:07+08:00][info] 组合支付扣款确认成功
[2026-02-04T12:19:07+08:00][info] 组合支付订单,保持 pay_type = combination,支付渠道: ums, 支付系统: 未知
[2026-02-04T12:19:07+08:00][info] 记录实际支付单号: wx750328796749496320_1
[2026-02-04T12:19:07+08:00][info] 组合支付确认流程,保持 pay_type = combination
[2026-02-04T12:19:07+08:00][info] 支付成功处理完成: wx750328796749496320
[2026-02-04T12:19:07+08:00][info] 银联商务支付成功: 业务订单号=wx750328796749496320, 支付单号=wx750328796749496320_1, 流水号=mock_trade_no_20260204121905, 通知ID=mock_notify_25b3c30a5e86, 支付系统=WXPay, 支付渠道=h5
[2026-02-04T12:19:08+08:00][info] 记录支付资金流水: 订单=wx750328796749496320, 支付方式=combination, 支付金额=39.90
[2026-02-04T12:19:08+08:00][info] 开始批量处理自动标签:array (
  'user_ids' => 34,
  'trigger_type' => '',
  'label_ids' => 
  array (
  ),
)
[2026-02-04T12:19:08+08:00][info] 开始批量处理自动标签2:array (
  'user_count' => 1,
  'trigger_type' => '',
  'label_ids' => 
  array (
  ),
)
[2026-02-04T12:19:08+08:00][info] 开始批量处理自动标签:array (
  'user_count' => 1,
  'trigger_type' => '',
  'label_ids' => 
  array (
  ),
)
[2026-02-04T12:19:08+08:00][info] 没有找到自动标签:array (
  'label_ids' => 
  array (
  ),
)
[2026-02-04T12:21:12+08:00][info] 订单创建-购物车商品信息: {"product_id":11,"product_type":0,"relation_id":0,"settle_price":"0.00","cart_num":1}
[2026-02-04T12:21:12+08:00][info] 订单创建-供应商详细信息: []
[2026-02-04T12:21:12+08:00][info] 订单创建-最终结算价: supplier_id=0, settle_price=0, 供应商数量=0
[2026-02-04T12:21:24+08:00][info] 组合支付重试: 检测到之前的支付记录，准备清理
[2026-02-04T12:21:24+08:00][info] 之前记录 - 在线支付: 0, 福利金: 0, 余额: 0, pay_type: combination
[2026-02-04T12:21:24+08:00][info] 组合支付重试: 已清理之前的支付金额记录和pay_type
[2026-02-04T12:21:24+08:00][info] 支付方式判断: 福利金=39.8, 余额=0, 在线=0.10, 支付方式数量=2, 是否组合支付=是
[2026-02-04T12:21:24+08:00][info] 组合支付: 记录福利金支付金额 39.8 元，订单号: wx750329414104907776
[2026-02-04T12:21:24+08:00][info] 组合支付: 订单支付明细已记录，等待在线支付确认，订单号: wx750329414104907776
[2026-02-04T12:21:24+08:00][info] 生成支付单号: wx750329414104907776_1 (业务订单号: wx750329414104907776, 支付次数: 1)
[2026-02-04T12:21:24+08:00][info] 订单 wx750329414104907776 没有供应商商品,按平台订单处理
[2026-02-04T12:21:24+08:00][info] 订单 wx750329414104907776 平台订单,全额分账到平台: 金额=0.1元
[2026-02-04T12:21:24+08:00][info] 订单 wx750329414104907776 构建分账数据成功: 分账子订单数=1
[2026-02-04T12:21:24+08:00][info] H5支付使用测试配置: test
[2026-02-04T12:21:24+08:00][info] === 银联商务支付初始化 ===
[2026-02-04T12:21:24+08:00][info] 支付类型: h5
[2026-02-04T12:21:24+08:00][info] AppId: 10037e6f6823b20801682b6a5e5a0006
[2026-02-04T12:21:24+08:00][info] 商户号: 898201612345678
[2026-02-04T12:21:24+08:00][info] 终端号: 88880001
[2026-02-04T12:21:24+08:00][info] API地址: http://127.0.0.1:20199/mock/ums
[2026-02-04T12:21:24+08:00][info] 环境: 测试
[2026-02-04T12:21:24+08:00][info] === 银联H5支付 ===
[2026-02-04T12:21:24+08:00][info] site_url配置: https://test.wx.sunnycloudtop.com
[2026-02-04T12:21:24+08:00][info] request domain: http://test.wx.sunnycloudtop.com
[2026-02-04T12:21:24+08:00][info] 最终使用: https://test.wx.sunnycloudtop.com
[2026-02-04T12:21:24+08:00][info] H5_RETURN_URL配置: https://test.wx.sunnycloudtop.com
[2026-02-04T12:21:24+08:00][info] 完整通知URL: https://test.wx.sunnycloudtop.com/api/pay/ums/notify
[2026-02-04T12:21:24+08:00][info] 返回URL: https://test.wx.sunnycloudtop.com/pages/goods/order_pay_status/index?order_id=wx750329414104907776
[2026-02-04T12:21:24+08:00][info] 订单需要分账: {"divisionFlag":true,"asynDivisionFlag":true,"platformAmount":0,"subOrders":[{"mid":"898310100011808","merOrderId":"PLAT_wx750329414104907776_1","totalAmount":"10"}]}
[2026-02-04T12:21:24+08:00][info] === 银联H5支付下单 ===
[2026-02-04T12:21:24+08:00][info] 原始订单号: wx750329414104907776_1
[2026-02-04T12:21:24+08:00][info] 金额: 0.10元
[2026-02-04T12:21:24+08:00][info] 通知URL: https://test.wx.sunnycloudtop.com/api/pay/ums/notify
[2026-02-04T12:21:24+08:00][info] 返回URL: https://test.wx.sunnycloudtop.com/pages/goods/order_pay_status/index?order_id=wx750329414104907776
[2026-02-04T12:21:24+08:00][info] 分账数据: {"divisionFlag":true,"asynDivisionFlag":true,"platformAmount":0,"subOrders":[{"mid":"898310100011808","merOrderId":"PLAT_wx750329414104907776_1","totalAmount":"10"}]}
[2026-02-04T12:21:24+08:00][info] 金额(分): 10
[2026-02-04T12:21:24+08:00][info] 银联订单号: wx750329414104907776_1
[2026-02-04T12:21:24+08:00][info] 分账子订单: [{"mid":"898310100011808","merOrderId":"PLAT_wx750329414104907776_1","totalAmount":"10"}]
[2026-02-04T12:21:24+08:00][info] 请求参数: {"requestTimestamp":"2026-02-04 12:21:24","merOrderId":"wx750329414104907776_1","mid":"898201612345678","tid":"88880001","instMid":"H5DEFAULT","totalAmount":"10","orderDesc":"蒙牛纯牛奶全脂灭菌乳早餐250ml×18包整箱","notifyUrl":"https:\/\/test.wx.sunnycloudtop.com\/api\/pay\/ums\/notify","returnUrl":"https:\/\/test.wx.sunnycloudtop.com\/pages\/goods\/order_pay_status\/index?order_id=wx750329414104907776","divisionFlag":true,"platformAmount":0,"subOrders":[{"mid":"898310100011808","merOrderId":"PLAT_wx750329414104907776_1","totalAmount":"10"}]}
[2026-02-04T12:21:24+08:00][info] 请求URL: http://127.0.0.1:20199/mock/ums/v1/netpay/wxpay/h5-to-minipay
[2026-02-04T12:21:24+08:00][info] 响应数据: {"errCode":"SUCCESS","errMsg":"SUCCESS","payUrl":"https:\/\/test.wx.sunnycloudtop.com\/mock\/ums\/h5-pay-page?orderId=wx750329414104907776_1&amount=10&notifyUrl=http%3A%2F%2F127.0.0.1%3A20199%2Fapi%2Fpay%2Fums%2Fnotify"}
[2026-02-04T12:21:26+08:00][info] === 银联商务支付回调 ===
[2026-02-04T12:21:26+08:00][info] 回调数据: {"merOrderId":"wx750329414104907776_1","status":"TRADE_SUCCESS","totalAmount":"10","targetOrderId":"mock_trade_no_20260204122124","notifyId":"mock_notify_7feac872810b","targetSys":"WXPay","tradeType":"H5","signType":"SHA256","sign":"C190DC7A57A1C20F7E9A6363817375BEE8FE143A75B0D30A92A8B640FDE680A4"}
[2026-02-04T12:21:26+08:00][info] 回调Header: {"content-type":"application\/json","content-length":"299","host":"127.0.0.1:20199","connection":"close"}
[2026-02-04T12:21:26+08:00][info] === 银联商务支付初始化 ===
[2026-02-04T12:21:26+08:00][info] 支付类型: mini
[2026-02-04T12:21:26+08:00][info] AppId: 10037e6f6823b20801682b6a5e5a0006
[2026-02-04T12:21:26+08:00][info] 商户号: 898201612345678
[2026-02-04T12:21:26+08:00][info] 终端号: 88880001
[2026-02-04T12:21:26+08:00][info] API地址: http://127.0.0.1:20199/mock/ums
[2026-02-04T12:21:26+08:00][info] 环境: 测试
[2026-02-04T12:21:26+08:00][info] === 银联支付回调处理 ===
[2026-02-04T12:21:26+08:00][info] 回调数据: {"merOrderId":"wx750329414104907776_1","status":"TRADE_SUCCESS","totalAmount":"10","targetOrderId":"mock_trade_no_20260204122124","notifyId":"mock_notify_7feac872810b","targetSys":"WXPay","tradeType":"H5","signType":"SHA256","sign":"C190DC7A57A1C20F7E9A6363817375BEE8FE143A75B0D30A92A8B640FDE680A4"}
[2026-02-04T12:21:26+08:00][info] 签名类型: SHA256
[2026-02-04T12:21:26+08:00][info] 原始签名: C190DC7A57A1C20F7E9A6363817375BEE8FE143A75B0D30A92A8B640FDE680A4
[2026-02-04T12:21:26+08:00][info] 待签名字符串: merOrderId=wx750329414104907776_1&notifyId=mock_notify_7feac872810b&signType=SHA256&status=TRADE_SUCCESS&targetOrderId=mock_trade_no_20260204122124&targetSys=WXPay&totalAmount=10&tradeType=H5bW3kxKW4dQmzYaNzj4DZS84H2fe6rzYfMY6TSXbSQ2y7WQY1
[2026-02-04T12:21:26+08:00][info] 计算签名: C190DC7A57A1C20F7E9A6363817375BEE8FE143A75B0D30A92A8B640FDE680A4
[2026-02-04T12:21:26+08:00][info] 签名验证成功
[2026-02-04T12:21:26+08:00][info] UMS notify uses targetOrderId as trade_no: mock_trade_no_20260204122124
[2026-02-04T12:21:26+08:00][info] 银联支付回调: 支付单号=wx750329414104907776_1, 业务订单号=wx750329414104907776, 支付系统=WXPay, 支付渠道=H5
[2026-02-04T12:21:26+08:00][info] === PaySuccessListener 处理支付成功事件 ===
[2026-02-04T12:21:26+08:00][info] 事件数据: {"order_id":"wx750329414104907776","pay_order_id":"wx750329414104907776_1","trade_no":"mock_trade_no_20260204122124","pay_type":"ums","target_sys":"WXPay","pay_channel":"h5","pay_time":1770178886,"notify_id":"mock_notify_7feac872810b"}
[2026-02-04T12:21:26+08:00][info] 记录支付渠道到订单: h5
[2026-02-04T12:21:26+08:00][info] 实际支付单号: wx750329414104907776_1
[2026-02-04T12:21:26+08:00][info] 调用 paySuccess 方法: order_id=wx750329414104907776, pay_type=ums, trade_no=mock_trade_no_20260204122124, pay_channel=h5
[2026-02-04T12:21:26+08:00][info] === 组合支付回调：确认扣款 ===
[2026-02-04T12:21:26+08:00][info] 订单号: wx750329414104907776
[2026-02-04T12:21:26+08:00][info] === 确认组合支付，开始扣款 ===
[2026-02-04T12:21:26+08:00][info] 订单号: wx750329414104907776
[2026-02-04T12:21:26+08:00][info] 福利金: 39.8 元
[2026-02-04T12:21:26+08:00][info] 余额: 0 元
[2026-02-04T12:21:26+08:00][info] 福利金扣款成功: 39.8 元
[2026-02-04T12:21:26+08:00][info] 组合支付确认成功，福利金和余额已扣款，订单已标记为已支付
[2026-02-04T12:21:26+08:00][info] 组合支付: 等待支付回调统一触发支付成功事件
[2026-02-04T12:21:26+08:00][info] 组合支付扣款确认成功
[2026-02-04T12:21:26+08:00][info] 组合支付订单,保持 pay_type = combination,支付渠道: ums, 支付系统: 未知
[2026-02-04T12:21:26+08:00][info] 记录实际支付单号: wx750329414104907776_1
[2026-02-04T12:21:26+08:00][info] 组合支付确认流程,保持 pay_type = combination
[2026-02-04T12:21:26+08:00][info] 支付成功处理完成: wx750329414104907776
[2026-02-04T12:21:26+08:00][info] 银联商务支付成功: 业务订单号=wx750329414104907776, 支付单号=wx750329414104907776_1, 流水号=mock_trade_no_20260204122124, 通知ID=mock_notify_7feac872810b, 支付系统=WXPay, 支付渠道=h5
[2026-02-04T12:21:29+08:00][info] 记录支付资金流水: 订单=wx750329414104907776, 支付方式=combination, 支付金额=39.90
[2026-02-04T12:21:29+08:00][info] 开始批量处理自动标签:array (
  'user_ids' => 34,
  'trigger_type' => '',
  'label_ids' => 
  array (
  ),
)
[2026-02-04T12:21:29+08:00][info] 开始批量处理自动标签2:array (
  'user_count' => 1,
  'trigger_type' => '',
  'label_ids' => 
  array (
  ),
)
[2026-02-04T12:21:29+08:00][info] 开始批量处理自动标签:array (
  'user_count' => 1,
  'trigger_type' => '',
  'label_ids' => 
  array (
  ),
)
[2026-02-04T12:21:29+08:00][info] 没有找到自动标签:array (
  'label_ids' => 
  array (
  ),
)
[2026-02-04T12:22:55+08:00][info] 订单创建-购物车商品信息: {"product_id":12,"product_type":0,"relation_id":0,"settle_price":"0.00","cart_num":1}
[2026-02-04T12:22:55+08:00][info] 订单创建-供应商详细信息: []
[2026-02-04T12:22:55+08:00][info] 订单创建-最终结算价: supplier_id=0, settle_price=0, 供应商数量=0
[2026-02-04T12:23:05+08:00][info] 组合支付重试: 检测到之前的支付记录，准备清理
[2026-02-04T12:23:05+08:00][info] 之前记录 - 在线支付: 0, 福利金: 0, 余额: 0, pay_type: combination
[2026-02-04T12:23:05+08:00][info] 组合支付重试: 已清理之前的支付金额记录和pay_type
[2026-02-04T12:23:05+08:00][info] 支付方式判断: 福利金=39.8, 余额=0, 在线=0.10, 支付方式数量=2, 是否组合支付=是
[2026-02-04T12:23:05+08:00][info] 组合支付: 记录福利金支付金额 39.8 元，订单号: wx750329846629924864
[2026-02-04T12:23:05+08:00][info] 组合支付: 订单支付明细已记录，等待在线支付确认，订单号: wx750329846629924864
[2026-02-04T12:23:05+08:00][info] 生成支付单号: wx750329846629924864_1 (业务订单号: wx750329846629924864, 支付次数: 1)
[2026-02-04T12:23:05+08:00][info] 订单 wx750329846629924864 没有供应商商品,按平台订单处理
[2026-02-04T12:23:05+08:00][info] 订单 wx750329846629924864 平台订单,全额分账到平台: 金额=0.1元
[2026-02-04T12:23:05+08:00][info] 订单 wx750329846629924864 构建分账数据成功: 分账子订单数=1
[2026-02-04T12:23:05+08:00][info] H5支付使用测试配置: test
[2026-02-04T12:23:05+08:00][info] === 银联商务支付初始化 ===
[2026-02-04T12:23:05+08:00][info] 支付类型: h5
[2026-02-04T12:23:05+08:00][info] AppId: 10037e6f6823b20801682b6a5e5a0006
[2026-02-04T12:23:05+08:00][info] 商户号: 898201612345678
[2026-02-04T12:23:05+08:00][info] 终端号: 88880001
[2026-02-04T12:23:05+08:00][info] API地址: http://127.0.0.1:20199/mock/ums
[2026-02-04T12:23:05+08:00][info] 环境: 测试
[2026-02-04T12:23:05+08:00][info] === 银联H5支付 ===
[2026-02-04T12:23:05+08:00][info] site_url配置: https://test.wx.sunnycloudtop.com
[2026-02-04T12:23:05+08:00][info] request domain: http://test.wx.sunnycloudtop.com
[2026-02-04T12:23:05+08:00][info] 最终使用: https://test.wx.sunnycloudtop.com
[2026-02-04T12:23:05+08:00][info] H5_RETURN_URL配置: https://test.wx.sunnycloudtop.com
[2026-02-04T12:23:05+08:00][info] 完整通知URL: https://test.wx.sunnycloudtop.com/api/pay/ums/notify
[2026-02-04T12:23:05+08:00][info] 返回URL: https://test.wx.sunnycloudtop.com/pages/goods/order_pay_status/index?order_id=wx750329846629924864
[2026-02-04T12:23:05+08:00][info] 订单需要分账: {"divisionFlag":true,"asynDivisionFlag":true,"platformAmount":0,"subOrders":[{"mid":"898310100011808","merOrderId":"PLAT_wx750329846629924864_1","totalAmount":"10"}]}
[2026-02-04T12:23:05+08:00][info] === 银联H5支付下单 ===
[2026-02-04T12:23:05+08:00][info] 原始订单号: wx750329846629924864_1
[2026-02-04T12:23:05+08:00][info] 金额: 0.10元
[2026-02-04T12:23:05+08:00][info] 通知URL: https://test.wx.sunnycloudtop.com/api/pay/ums/notify
[2026-02-04T12:23:05+08:00][info] 返回URL: https://test.wx.sunnycloudtop.com/pages/goods/order_pay_status/index?order_id=wx750329846629924864
[2026-02-04T12:23:05+08:00][info] 分账数据: {"divisionFlag":true,"asynDivisionFlag":true,"platformAmount":0,"subOrders":[{"mid":"898310100011808","merOrderId":"PLAT_wx750329846629924864_1","totalAmount":"10"}]}
[2026-02-04T12:23:05+08:00][info] 金额(分): 10
[2026-02-04T12:23:05+08:00][info] 银联订单号: wx750329846629924864_1
[2026-02-04T12:23:05+08:00][info] 分账子订单: [{"mid":"898310100011808","merOrderId":"PLAT_wx750329846629924864_1","totalAmount":"10"}]
[2026-02-04T12:23:05+08:00][info] 请求参数: {"requestTimestamp":"2026-02-04 12:23:05","merOrderId":"wx750329846629924864_1","mid":"898201612345678","tid":"88880001","instMid":"H5DEFAULT","totalAmount":"10","orderDesc":"农夫山泉饮用水天然水红盖水桶装水5L*4桶整箱","notifyUrl":"https:\/\/test.wx.sunnycloudtop.com\/api\/pay\/ums\/notify","returnUrl":"https:\/\/test.wx.sunnycloudtop.com\/pages\/goods\/order_pay_status\/index?order_id=wx750329846629924864","divisionFlag":true,"platformAmount":0,"subOrders":[{"mid":"898310100011808","merOrderId":"PLAT_wx750329846629924864_1","totalAmount":"10"}]}
[2026-02-04T12:23:05+08:00][info] 请求URL: http://127.0.0.1:20199/mock/ums/v1/netpay/wxpay/h5-to-minipay
[2026-02-04T12:23:05+08:00][info] 响应数据: {"errCode":"SUCCESS","errMsg":"SUCCESS","payUrl":"https:\/\/test.wx.sunnycloudtop.com\/mock\/ums\/h5-pay-page?orderId=wx750329846629924864_1&amount=10&notifyUrl=http%3A%2F%2F127.0.0.1%3A20199%2Fapi%2Fpay%2Fums%2Fnotify"}
[2026-02-04T12:23:07+08:00][info] === 银联商务支付回调 ===
[2026-02-04T12:23:07+08:00][info] 回调数据: {"merOrderId":"wx750329846629924864_1","status":"TRADE_SUCCESS","totalAmount":"10","targetOrderId":"mock_trade_no_20260204122305","notifyId":"mock_notify_0d9beaa0ce7e","targetSys":"WXPay","tradeType":"H5","signType":"SHA256","sign":"5F81DB1A828F412A93A4CFA8E863DCDE292F79D65280F3778E25C1A3C0B843BE"}
[2026-02-04T12:23:07+08:00][info] 回调Header: {"content-type":"application\/json","content-length":"299","host":"127.0.0.1:20199","connection":"close"}
[2026-02-04T12:23:07+08:00][info] === 银联商务支付初始化 ===
[2026-02-04T12:23:07+08:00][info] 支付类型: mini
[2026-02-04T12:23:07+08:00][info] AppId: 10037e6f6823b20801682b6a5e5a0006
[2026-02-04T12:23:07+08:00][info] 商户号: 898201612345678
[2026-02-04T12:23:07+08:00][info] 终端号: 88880001
[2026-02-04T12:23:07+08:00][info] API地址: http://127.0.0.1:20199/mock/ums
[2026-02-04T12:23:07+08:00][info] 环境: 测试
[2026-02-04T12:23:07+08:00][info] === 银联支付回调处理 ===
[2026-02-04T12:23:07+08:00][info] 回调数据: {"merOrderId":"wx750329846629924864_1","status":"TRADE_SUCCESS","totalAmount":"10","targetOrderId":"mock_trade_no_20260204122305","notifyId":"mock_notify_0d9beaa0ce7e","targetSys":"WXPay","tradeType":"H5","signType":"SHA256","sign":"5F81DB1A828F412A93A4CFA8E863DCDE292F79D65280F3778E25C1A3C0B843BE"}
[2026-02-04T12:23:07+08:00][info] 签名类型: SHA256
[2026-02-04T12:23:07+08:00][info] 原始签名: 5F81DB1A828F412A93A4CFA8E863DCDE292F79D65280F3778E25C1A3C0B843BE
[2026-02-04T12:23:07+08:00][info] 待签名字符串: merOrderId=wx750329846629924864_1&notifyId=mock_notify_0d9beaa0ce7e&signType=SHA256&status=TRADE_SUCCESS&targetOrderId=mock_trade_no_20260204122305&targetSys=WXPay&totalAmount=10&tradeType=H5bW3kxKW4dQmzYaNzj4DZS84H2fe6rzYfMY6TSXbSQ2y7WQY1
[2026-02-04T12:23:07+08:00][info] 计算签名: 5F81DB1A828F412A93A4CFA8E863DCDE292F79D65280F3778E25C1A3C0B843BE
[2026-02-04T12:23:07+08:00][info] 签名验证成功
[2026-02-04T12:23:07+08:00][info] UMS notify uses targetOrderId as trade_no: mock_trade_no_20260204122305
[2026-02-04T12:23:07+08:00][info] 银联支付回调: 支付单号=wx750329846629924864_1, 业务订单号=wx750329846629924864, 支付系统=WXPay, 支付渠道=H5
[2026-02-04T12:23:07+08:00][info] === PaySuccessListener 处理支付成功事件 ===
[2026-02-04T12:23:07+08:00][info] 事件数据: {"order_id":"wx750329846629924864","pay_order_id":"wx750329846629924864_1","trade_no":"mock_trade_no_20260204122305","pay_type":"ums","target_sys":"WXPay","pay_channel":"h5","pay_time":1770178987,"notify_id":"mock_notify_0d9beaa0ce7e"}
[2026-02-04T12:23:07+08:00][info] 记录支付渠道到订单: h5
[2026-02-04T12:23:07+08:00][info] 实际支付单号: wx750329846629924864_1
[2026-02-04T12:23:07+08:00][info] 调用 paySuccess 方法: order_id=wx750329846629924864, pay_type=ums, trade_no=mock_trade_no_20260204122305, pay_channel=h5
[2026-02-04T12:23:07+08:00][info] === 组合支付回调：确认扣款 ===
[2026-02-04T12:23:07+08:00][info] 订单号: wx750329846629924864
[2026-02-04T12:23:07+08:00][info] === 确认组合支付，开始扣款 ===
[2026-02-04T12:23:07+08:00][info] 订单号: wx750329846629924864
[2026-02-04T12:23:07+08:00][info] 福利金: 39.8 元
[2026-02-04T12:23:07+08:00][info] 余额: 0 元
[2026-02-04T12:23:07+08:00][info] 福利金扣款成功: 39.8 元
[2026-02-04T12:23:07+08:00][info] 组合支付确认成功，福利金和余额已扣款，订单已标记为已支付
[2026-02-04T12:23:07+08:00][info] 组合支付: 等待支付回调统一触发支付成功事件
[2026-02-04T12:23:07+08:00][info] 组合支付扣款确认成功
[2026-02-04T12:23:07+08:00][info] 组合支付订单,保持 pay_type = combination,支付渠道: ums, 支付系统: 未知
[2026-02-04T12:23:07+08:00][info] 记录实际支付单号: wx750329846629924864_1
[2026-02-04T12:23:07+08:00][info] 组合支付确认流程,保持 pay_type = combination
[2026-02-04T12:23:07+08:00][info] 支付成功处理完成: wx750329846629924864
[2026-02-04T12:23:07+08:00][info] 银联商务支付成功: 业务订单号=wx750329846629924864, 支付单号=wx750329846629924864_1, 流水号=mock_trade_no_20260204122305, 通知ID=mock_notify_0d9beaa0ce7e, 支付系统=WXPay, 支付渠道=h5
[2026-02-04T12:23:09+08:00][info] 记录支付资金流水: 订单=wx750329846629924864, 支付方式=combination, 支付金额=39.90
[2026-02-04T12:23:09+08:00][info] 开始批量处理自动标签:array (
  'user_ids' => 34,
  'trigger_type' => '',
  'label_ids' => 
  array (
  ),
)
[2026-02-04T12:23:09+08:00][info] 开始批量处理自动标签2:array (
  'user_count' => 1,
  'trigger_type' => '',
  'label_ids' => 
  array (
  ),
)
[2026-02-04T12:23:09+08:00][info] 开始批量处理自动标签:array (
  'user_count' => 1,
  'trigger_type' => '',
  'label_ids' => 
  array (
  ),
)
[2026-02-04T12:23:09+08:00][info] 没有找到自动标签:array (
  'label_ids' => 
  array (
  ),
)
[2026-02-04T13:30:19+08:00][info] 订单创建-购物车商品信息: {"product_id":14,"product_type":2,"relation_id":2,"settle_price":"0.02","cart_num":1}
[2026-02-04T13:30:19+08:00][info] 订单创建-计算结算价: {"supplier_id":2,"attr_settle_price":"0.02","item_settle_price":"0.02","total_settle_price":"0.02"}
[2026-02-04T13:30:19+08:00][info] 订单创建-供应商详细信息: [{"id":2,"name":"\u4e0a\u6d77\u8fbe\u8fbe123\u516c\u53f8","amount":"0.02"}]
[2026-02-04T13:30:19+08:00][info] 订单创建-最终结算价: supplier_id=2, settle_price=0.02, 供应商数量=1
[2026-02-04T13:30:36+08:00][info] 订单创建-购物车商品信息: {"product_id":14,"product_type":2,"relation_id":2,"settle_price":"0.02","cart_num":1}
[2026-02-04T13:30:36+08:00][info] 订单创建-计算结算价: {"supplier_id":2,"attr_settle_price":"0.02","item_settle_price":"0.02","total_settle_price":"0.02"}
[2026-02-04T13:30:36+08:00][info] 订单创建-供应商详细信息: [{"id":2,"name":"\u4e0a\u6d77\u8fbe\u8fbe123\u516c\u53f8","amount":"0.02"}]
[2026-02-04T13:30:36+08:00][info] 订单创建-最终结算价: supplier_id=2, settle_price=0.02, 供应商数量=1
[2026-02-04T13:30:39+08:00][info] 生成支付单号: wx750346878305959936_1 (业务订单号: wx750346878305959936, 支付次数: 1)
[2026-02-04T13:30:39+08:00][info] 订单 wx750346878305959936 为多供应商订单，供应商数量: 1
[2026-02-04T13:30:39+08:00][info] 订单 wx750346878305959936 添加供应商分账: 上海达达123公司(ID:2), 金额=0.02元
[2026-02-04T13:30:39+08:00][info] 订单 wx750346878305959936 添加平台分账: 金额=0.01元
[2026-02-04T13:30:39+08:00][info] 订单 wx750346878305959936 构建分账数据成功: 分账子订单数=2
[2026-02-04T13:30:39+08:00][info] === 银联商务支付初始化 ===
[2026-02-04T13:30:39+08:00][info] 支付类型: mini
[2026-02-04T13:30:39+08:00][info] AppId: 8a81c1bd96cf23aa019b078242721f2a
[2026-02-04T13:30:39+08:00][info] 商户号: 898310100010854
[2026-02-04T13:30:39+08:00][info] 终端号: 41AUZ7C6
[2026-02-04T13:30:39+08:00][info] API地址: https://api-mop.chinaums.com
[2026-02-04T13:30:39+08:00][info] 环境: 生产
[2026-02-04T13:30:39+08:00][info] === 银联小程序支付 ===
[2026-02-04T13:30:39+08:00][info] site_url配置: https://test.wx.sunnycloudtop.com
[2026-02-04T13:30:39+08:00][info] request domain: http://test.wx.sunnycloudtop.com
[2026-02-04T13:30:39+08:00][info] 最终使用: https://test.wx.sunnycloudtop.com
[2026-02-04T13:30:39+08:00][info] 完整通知URL: https://test.wx.sunnycloudtop.com/api/pay/ums/notify
[2026-02-04T13:30:39+08:00][info] 订单需要分账: {"divisionFlag":true,"asynDivisionFlag":true,"platformAmount":0,"subOrders":[{"mid":"898310100011808","merOrderId":"SUB_wx750346878305959936_1_2","totalAmount":"2"},{"mid":"898310100011808","merOrderId":"PLAT_wx750346878305959936_1","totalAmount":"1"}]}
[2026-02-04T13:30:39+08:00][info] === 银联小程序支付下单 ===
[2026-02-04T13:30:39+08:00][info] 原始订单号: wx750346878305959936_1
[2026-02-04T13:30:39+08:00][info] 金额: 0.03元
[2026-02-04T13:30:39+08:00][info] OpenID: ofxai7SpEkwo7L9Ugo0JTEterfZA
[2026-02-04T13:30:39+08:00][info] 通知URL: https://test.wx.sunnycloudtop.com/api/pay/ums/notify
[2026-02-04T13:30:39+08:00][info] 分账数据: {"divisionFlag":true,"asynDivisionFlag":true,"platformAmount":0,"subOrders":[{"mid":"898310100011808","merOrderId":"SUB_wx750346878305959936_1_2","totalAmount":"2"},{"mid":"898310100011808","merOrderId":"PLAT_wx750346878305959936_1","totalAmount":"1"}]}
[2026-02-04T13:30:39+08:00][info] 金额(分): 3
[2026-02-04T13:30:39+08:00][info] 银联订单号: 3HD3wx750346878305959936_1
[2026-02-04T13:30:39+08:00][info] 分账子订单: [{"mid":"898310100011808","merOrderId":"3HD3SUB_wx750346878305959936_1","totalAmount":"2"},{"mid":"898310100011808","merOrderId":"3HD3PLAT_wx750346878305959936_1","totalAmount":"1"}]
[2026-02-04T13:30:39+08:00][info] 分账金额计算: 主订单=3分, 子订单总额=3分, 平台=0分
[2026-02-04T13:30:39+08:00][info] 小程序AppId: wxb5fc16b55f439205
[2026-02-04T13:30:39+08:00][info] 用户OpenId: ofxai7SpEkwo7L9Ugo0JTEterfZA
[2026-02-04T13:30:39+08:00][info] 注意: 如果是服务商模式,需要联系银联确认openid字段
[2026-02-04T13:30:39+08:00][info] 请求参数: {"requestTimestamp":"2026-02-04 13:30:39","merOrderId":"3HD3wx750346878305959936_1","mid":"898310100010854","tid":"41AUZ7C6","totalAmount":"3","tradeType":"MINI","orderDesc":"儿童水枪","notifyUrl":"https:\/\/test.wx.sunnycloudtop.com\/api\/pay\/ums\/notify","divisionFlag":true,"subOrders":[{"mid":"898310100011808","merOrderId":"3HD3SUB_wx750346878305959936_1","totalAmount":"2"},{"mid":"898310100011808","merOrderId":"3HD3PLAT_wx750346878305959936_1","totalAmount":"1"}],"platformAmount":0,"subAppId":"wxb5fc16b55f439205","subOpenId":"ofxai7SpEkwo7L9Ugo0JTEterfZA","openid":"ofxai7SpEkwo7L9Ugo0JTEterfZA"}
[2026-02-04T13:30:39+08:00][info] 报文体: {"requestTimestamp":"2026-02-04 13:30:39","merOrderId":"3HD3wx750346878305959936_1","mid":"898310100010854","tid":"41AUZ7C6","totalAmount":"3","tradeType":"MINI","orderDesc":"\u513f\u7ae5\u6c34\u67aa","notifyUrl":"https:\/\/test.wx.sunnycloudtop.com\/api\/pay\/ums\/notify","divisionFlag":true,"subOrders":[{"mid":"898310100011808","merOrderId":"3HD3SUB_wx750346878305959936_1","totalAmount":"2"},{"mid":"898310100011808","merOrderId":"3HD3PLAT_wx750346878305959936_1","totalAmount":"1"}],"platformAmount":0,"subAppId":"wxb5fc16b55f439205","subOpenId":"ofxai7SpEkwo7L9Ugo0JTEterfZA","openid":"ofxai7SpEkwo7L9Ugo0JTEterfZA"}
[2026-02-04T13:30:39+08:00][info] 报文体SHA256: c6312f47767c23a2ce9bf7a702abeadfeac1cc3d73057e8dd0d937c617559817
[2026-02-04T13:30:39+08:00][info] 签名原串: 8a81c1bd96cf23aa019b078242721f2a2026020413303930e018f15829549bfbcc257edb48147ec6312f47767c23a2ce9bf7a702abeadfeac1cc3d73057e8dd0d937c617559817
[2026-02-04T13:30:39+08:00][info] 签名结果: ycYXyAk+xkVhqe+6mJmWy/a+PrVtaPQIWK0C81nt2q8=
[2026-02-04T13:30:39+08:00][info] Authorization: OPEN-BODY-SIG AppId="8a81c1bd96cf23aa019b078242721f2a",Timestamp="20260204133039",Nonce="30e018f15829549bfbcc257edb48147e",Signature="ycYXyAk+xkVhqe+6mJmWy/a+PrVtaPQIWK0C81nt2q8="
[2026-02-04T13:30:39+08:00][info] 响应数据: {"connectSys":"UNIONPAY","delegatedFlag":"N","merName":"香溢乐享优选","mid":"898310100010854","settleRefId":"56688832596N","tid":"41AUZ7C6","totalAmount":3,"targetMid":"842088674","responseTimestamp":"2026-02-04 13:30:39","errCode":"SUCCESS","miniPayRequest":{"timeStamp":"1770183039","package":"prepay_id=wx04133039486903638891f4b62966e00000","paySign":"IbsVtIvVo\/Uq0IrIzvXBesk1xiU+06FrJxv7ENfs2RDt+MeX4GXif1qgJdJCwbxVAgefqfZLULNP1nMCmLtWARZp2TYinxqJRoD71IH0sOxeorSIXyGm+BJ8nIlSgTk2h1nsS3nWYRHJMggOBqkMeZzrkNDiueiiUWDqlB68v2Yg2sBudYVbehYNbMbdffLXMhImbGkW697ign2jP1cozgBQ5ssKgIA7Eirw6SV6cTCj95yCZgB5Qaqs1AN6sdc9aGg40a4GFBDHQUaQ0pTPxy8ThXpKsP9AUjExF0k6fuqWCP+kXQai59Hv11HJ5CKGkrxRdtedH+EfZhIo\/0Rqnw==","appId":"wxb5fc16b55f439205","signType":"RSA","nonceStr":"b0fcff6e3ca947d8a35d2bcd585572a4"},"targetStatus":"SUCCESS|SUCCESS","seqId":"56688832596N","merOrderId":"3HD3wx750346878305959936_1","status":"WAIT_BUYER_PAY","targetSys":"WXPay"}
[2026-02-04T13:33:15+08:00][info] 生成支付单号: wx750346878305959936_2 (业务订单号: wx750346878305959936, 支付次数: 2)
[2026-02-04T13:33:15+08:00][info] 订单 wx750346878305959936 为多供应商订单，供应商数量: 1
[2026-02-04T13:33:15+08:00][info] 订单 wx750346878305959936 添加供应商分账: 上海达达123公司(ID:2), 金额=0.02元
[2026-02-04T13:33:15+08:00][info] 订单 wx750346878305959936 添加平台分账: 金额=0.01元
[2026-02-04T13:33:15+08:00][info] 订单 wx750346878305959936 构建分账数据成功: 分账子订单数=2
[2026-02-04T13:33:15+08:00][info] H5生产环境支付使用专用配置: productionH5
[2026-02-04T13:33:15+08:00][info] === 银联商务支付初始化 ===
[2026-02-04T13:33:15+08:00][info] 支付类型: h5
[2026-02-04T13:33:15+08:00][info] AppId: 8a81c1bd96cf23aa019b078242721f2a
[2026-02-04T13:33:15+08:00][info] 商户号: 898310100011906
[2026-02-04T13:33:15+08:00][info] 终端号: 9296HKBM
[2026-02-04T13:33:15+08:00][info] API地址: https://api-mop.chinaums.com
[2026-02-04T13:33:15+08:00][info] 环境: 生产
[2026-02-04T13:33:15+08:00][info] === 银联H5支付 ===
[2026-02-04T13:33:15+08:00][info] site_url配置: https://test.wx.sunnycloudtop.com
[2026-02-04T13:33:15+08:00][info] request domain: http://test.wx.sunnycloudtop.com
[2026-02-04T13:33:15+08:00][info] 最终使用: https://test.wx.sunnycloudtop.com
[2026-02-04T13:33:15+08:00][info] H5_RETURN_URL配置: 
[2026-02-04T13:33:15+08:00][info] 完整通知URL: https://test.wx.sunnycloudtop.com/api/pay/ums/notify
[2026-02-04T13:33:15+08:00][info] 返回URL: http://test.wx.sunnycloudtop.com/pages/goods/order_pay_status/index?order_id=wx750346878305959936
[2026-02-04T13:33:15+08:00][info] 订单需要分账: {"divisionFlag":true,"asynDivisionFlag":true,"platformAmount":0,"subOrders":[{"mid":"898310100011808","merOrderId":"SUB_wx750346878305959936_2_2","totalAmount":"2"},{"mid":"898310100011808","merOrderId":"PLAT_wx750346878305959936_2","totalAmount":"1"}]}
[2026-02-04T13:33:15+08:00][info] === 银联H5支付下单 ===
[2026-02-04T13:33:15+08:00][info] 原始订单号: wx750346878305959936_2
[2026-02-04T13:33:15+08:00][info] 金额: 0.03元
[2026-02-04T13:33:15+08:00][info] 通知URL: https://test.wx.sunnycloudtop.com/api/pay/ums/notify
[2026-02-04T13:33:15+08:00][info] 返回URL: http://test.wx.sunnycloudtop.com/pages/goods/order_pay_status/index?order_id=wx750346878305959936
[2026-02-04T13:33:15+08:00][info] 分账数据: {"divisionFlag":true,"asynDivisionFlag":true,"platformAmount":0,"subOrders":[{"mid":"898310100011808","merOrderId":"SUB_wx750346878305959936_2_2","totalAmount":"2"},{"mid":"898310100011808","merOrderId":"PLAT_wx750346878305959936_2","totalAmount":"1"}]}
[2026-02-04T13:33:15+08:00][info] 金额(分): 3
[2026-02-04T13:33:15+08:00][info] 银联订单号: 3HD3wx750346878305959936_2
[2026-02-04T13:33:15+08:00][info] 分账子订单: [{"mid":"898310100011808","merOrderId":"3HD3SUB_wx750346878305959936_2","totalAmount":"2"},{"mid":"898310100011808","merOrderId":"3HD3PLAT_wx750346878305959936_2","totalAmount":"1"}]
[2026-02-04T13:33:15+08:00][info] 请求参数: {"requestTimestamp":"2026-02-04 13:33:15","merOrderId":"3HD3wx750346878305959936_2","mid":"898310100011906","tid":"9296HKBM","instMid":"H5DEFAULT","totalAmount":"3","orderDesc":"儿童水枪","notifyUrl":"https:\/\/test.wx.sunnycloudtop.com\/api\/pay\/ums\/notify","returnUrl":"http:\/\/test.wx.sunnycloudtop.com\/pages\/goods\/order_pay_status\/index?order_id=wx750346878305959936","divisionFlag":true,"platformAmount":0,"subOrders":[{"mid":"898310100011808","merOrderId":"3HD3SUB_wx750346878305959936_2","totalAmount":"2"},{"mid":"898310100011808","merOrderId":"3HD3PLAT_wx750346878305959936_2","totalAmount":"1"}]}
[2026-02-04T13:33:15+08:00][info] 请求URL: https://api-mop.chinaums.com/v1/netpay/wxpay/h5-to-minipay
[2026-02-04T13:33:15+08:00][info] === H5支付请求(OPEN-FORM-PARAM) ===
[2026-02-04T13:33:15+08:00][info] Content: {"requestTimestamp":"2026-02-04 13:33:15","merOrderId":"3HD3wx750346878305959936_2","mid":"898310100011906","tid":"9296HKBM","instMid":"H5DEFAULT","totalAmount":"3","orderDesc":"\u513f\u7ae5\u6c34\u67aa","notifyUrl":"https:\/\/test.wx.sunnycloudtop.com\/api\/pay\/ums\/notify","returnUrl":"http:\/\/test.wx.sunnycloudtop.com\/pages\/goods\/order_pay_status\/index?order_id=wx750346878305959936","divisionFlag":true,"platformAmount":0,"subOrders":[{"mid":"898310100011808","merOrderId":"3HD3SUB_wx750346878305959936_2","totalAmount":"2"},{"mid":"898310100011808","merOrderId":"3HD3PLAT_wx750346878305959936_2","totalAmount":"1"}]}
[2026-02-04T13:33:15+08:00][info] Content Hash: 7bf87ecaa9312b3e7b1f99c73a38af700f4c6894f61c72af830cb2bc042447e9
[2026-02-04T13:33:15+08:00][info] 签名原串: 8a81c1bd96cf23aa019b078242721f2a20260204133315a4cfd4ba1ba7ca9bd84baf03f651a7367bf87ecaa9312b3e7b1f99c73a38af700f4c6894f61c72af830cb2bc042447e9
[2026-02-04T13:33:15+08:00][info] Signature: yq32xPTOb0xtc66rRQfZkUkfrxkVLBzFZPo0VFLOqng=
[2026-02-04T13:33:15+08:00][info] 完整URL长度: 1170
[2026-02-04T13:33:15+08:00][info] HTTP状态码: 302
[2026-02-04T13:33:15+08:00][info] 支付URL(重定向): https://qr.chinaums.com/netpay-portal/webpay/pay.do?requestTimestamp=2026-02-04+13%3A33%3A15&merOrderId=3HD3wx750346878305959936_2&mid=898310100011906&tid=9296HKBM&instMid=H5DEFAULT&totalAmount=3&orderDesc=%E5%84%BF%E7%AB%A5%E6%B0%B4%E6%9E%AA&notifyUrl=https%3A%2F%2Ftest.wx.sunnycloudtop.com%2Fapi%2Fpay%2Fums%2Fnotify&returnUrl=http%3A%2F%2Ftest.wx.sunnycloudtop.com%2Fpages%2Fgoods%2Forder_pay_status%2Findex%3Forder_id%3Dwx750346878305959936&divisionFlag=true&platformAmount=0&subOrders=%5B%7B%22mid%22%3A%22898310100011808%22%2C%22merOrderId%22%3A%223HD3SUB_wx750346878305959936_2%22%2C%22totalAmount%22%3A%222%22%7D%2C%7B%22mid%22%3A%22898310100011808%22%2C%22merOrderId%22%3A%223HD3PLAT_wx750346878305959936_2%22%2C%22totalAmount%22%3A%221%22%7D%5D&openAppId=8a81c1bd96cf23aa019b078242721f2a&msgSrc=OPENPLATFORM&msgType=WXPay.h5ToMiniPay&signType=SHA256&sign=d0fe5c9d226b433fd19673ef0b92b06ddb78c127c6cc73d049902e6918e5bd3a
[2026-02-04T13:33:15+08:00][info] 响应数据: {"errCode":"SUCCESS","payUrl":"https:\/\/qr.chinaums.com\/netpay-portal\/webpay\/pay.do?requestTimestamp=2026-02-04+13%3A33%3A15&merOrderId=3HD3wx750346878305959936_2&mid=898310100011906&tid=9296HKBM&instMid=H5DEFAULT&totalAmount=3&orderDesc=%E5%84%BF%E7%AB%A5%E6%B0%B4%E6%9E%AA&notifyUrl=https%3A%2F%2Ftest.wx.sunnycloudtop.com%2Fapi%2Fpay%2Fums%2Fnotify&returnUrl=http%3A%2F%2Ftest.wx.sunnycloudtop.com%2Fpages%2Fgoods%2Forder_pay_status%2Findex%3Forder_id%3Dwx750346878305959936&divisionFlag=true&platformAmount=0&subOrders=%5B%7B%22mid%22%3A%22898310100011808%22%2C%22merOrderId%22%3A%223HD3SUB_wx750346878305959936_2%22%2C%22totalAmount%22%3A%222%22%7D%2C%7B%22mid%22%3A%22898310100011808%22%2C%22merOrderId%22%3A%223HD3PLAT_wx750346878305959936_2%22%2C%22totalAmount%22%3A%221%22%7D%5D&openAppId=8a81c1bd96cf23aa019b078242721f2a&msgSrc=OPENPLATFORM&msgType=WXPay.h5ToMiniPay&signType=SHA256&sign=d0fe5c9d226b433fd19673ef0b92b06ddb78c127c6cc73d049902e6918e5bd3a"}
[2026-02-04T13:34:05+08:00][info] 订单创建-购物车商品信息: {"product_id":14,"product_type":2,"relation_id":2,"settle_price":"0.02","cart_num":1}
[2026-02-04T13:34:05+08:00][info] 订单创建-计算结算价: {"supplier_id":2,"attr_settle_price":"0.02","item_settle_price":"0.02","total_settle_price":"0.02"}
[2026-02-04T13:34:05+08:00][info] 订单创建-供应商详细信息: [{"id":2,"name":"\u4e0a\u6d77\u8fbe\u8fbe123\u516c\u53f8","amount":"0.02"}]
[2026-02-04T13:34:05+08:00][info] 订单创建-最终结算价: supplier_id=2, settle_price=0.02, 供应商数量=1
[2026-02-04T13:34:06+08:00][info] 生成支付单号: wx750347754634477568_1 (业务订单号: wx750347754634477568, 支付次数: 1)
[2026-02-04T13:34:06+08:00][info] 订单 wx750347754634477568 为多供应商订单，供应商数量: 1
[2026-02-04T13:34:06+08:00][info] 订单 wx750347754634477568 添加供应商分账: 上海达达123公司(ID:2), 金额=0.02元
[2026-02-04T13:34:06+08:00][info] 订单 wx750347754634477568 添加平台分账: 金额=0.01元
[2026-02-04T13:34:06+08:00][info] 订单 wx750347754634477568 构建分账数据成功: 分账子订单数=2
[2026-02-04T13:34:06+08:00][info] H5生产环境支付使用专用配置: productionH5
[2026-02-04T13:34:06+08:00][info] === 银联商务支付初始化 ===
[2026-02-04T13:34:06+08:00][info] 支付类型: h5
[2026-02-04T13:34:06+08:00][info] AppId: 8a81c1bd96cf23aa019b078242721f2a
[2026-02-04T13:34:06+08:00][info] 商户号: 898310100011906
[2026-02-04T13:34:06+08:00][info] 终端号: 9296HKBM
[2026-02-04T13:34:06+08:00][info] API地址: https://api-mop.chinaums.com
[2026-02-04T13:34:06+08:00][info] 环境: 生产
[2026-02-04T13:34:06+08:00][info] === 银联H5支付 ===
[2026-02-04T13:34:06+08:00][info] site_url配置: https://test.wx.sunnycloudtop.com
[2026-02-04T13:34:06+08:00][info] request domain: http://test.wx.sunnycloudtop.com
[2026-02-04T13:34:06+08:00][info] 最终使用: https://test.wx.sunnycloudtop.com
[2026-02-04T13:34:06+08:00][info] H5_RETURN_URL配置: 
[2026-02-04T13:34:06+08:00][info] 完整通知URL: https://test.wx.sunnycloudtop.com/api/pay/ums/notify
[2026-02-04T13:34:06+08:00][info] 返回URL: https://test.wx.sunnycloudtop.com/pages/goods/order_pay_status/index?order_id=wx750347754634477568
[2026-02-04T13:34:06+08:00][info] 订单需要分账: {"divisionFlag":true,"asynDivisionFlag":true,"platformAmount":0,"subOrders":[{"mid":"898310100011808","merOrderId":"SUB_wx750347754634477568_1_2","totalAmount":"2"},{"mid":"898310100011808","merOrderId":"PLAT_wx750347754634477568_1","totalAmount":"1"}]}
[2026-02-04T13:34:06+08:00][info] === 银联H5支付下单 ===
[2026-02-04T13:34:06+08:00][info] 原始订单号: wx750347754634477568_1
[2026-02-04T13:34:06+08:00][info] 金额: 0.03元
[2026-02-04T13:34:06+08:00][info] 通知URL: https://test.wx.sunnycloudtop.com/api/pay/ums/notify
[2026-02-04T13:34:06+08:00][info] 返回URL: https://test.wx.sunnycloudtop.com/pages/goods/order_pay_status/index?order_id=wx750347754634477568
[2026-02-04T13:34:06+08:00][info] 分账数据: {"divisionFlag":true,"asynDivisionFlag":true,"platformAmount":0,"subOrders":[{"mid":"898310100011808","merOrderId":"SUB_wx750347754634477568_1_2","totalAmount":"2"},{"mid":"898310100011808","merOrderId":"PLAT_wx750347754634477568_1","totalAmount":"1"}]}
[2026-02-04T13:34:06+08:00][info] 金额(分): 3
[2026-02-04T13:34:06+08:00][info] 银联订单号: 3HD3wx750347754634477568_1
[2026-02-04T13:34:06+08:00][info] 分账子订单: [{"mid":"898310100011808","merOrderId":"3HD3SUB_wx750347754634477568_1","totalAmount":"2"},{"mid":"898310100011808","merOrderId":"3HD3PLAT_wx750347754634477568_1","totalAmount":"1"}]
[2026-02-04T13:34:06+08:00][info] 请求参数: {"requestTimestamp":"2026-02-04 13:34:06","merOrderId":"3HD3wx750347754634477568_1","mid":"898310100011906","tid":"9296HKBM","instMid":"H5DEFAULT","totalAmount":"3","orderDesc":"儿童水枪","notifyUrl":"https:\/\/test.wx.sunnycloudtop.com\/api\/pay\/ums\/notify","returnUrl":"https:\/\/test.wx.sunnycloudtop.com\/pages\/goods\/order_pay_status\/index?order_id=wx750347754634477568","divisionFlag":true,"platformAmount":0,"subOrders":[{"mid":"898310100011808","merOrderId":"3HD3SUB_wx750347754634477568_1","totalAmount":"2"},{"mid":"898310100011808","merOrderId":"3HD3PLAT_wx750347754634477568_1","totalAmount":"1"}]}
[2026-02-04T13:34:06+08:00][info] 请求URL: https://api-mop.chinaums.com/v1/netpay/wxpay/h5-to-minipay
[2026-02-04T13:34:06+08:00][info] === H5支付请求(OPEN-FORM-PARAM) ===
[2026-02-04T13:34:06+08:00][info] Content: {"requestTimestamp":"2026-02-04 13:34:06","merOrderId":"3HD3wx750347754634477568_1","mid":"898310100011906","tid":"9296HKBM","instMid":"H5DEFAULT","totalAmount":"3","orderDesc":"\u513f\u7ae5\u6c34\u67aa","notifyUrl":"https:\/\/test.wx.sunnycloudtop.com\/api\/pay\/ums\/notify","returnUrl":"https:\/\/test.wx.sunnycloudtop.com\/pages\/goods\/order_pay_status\/index?order_id=wx750347754634477568","divisionFlag":true,"platformAmount":0,"subOrders":[{"mid":"898310100011808","merOrderId":"3HD3SUB_wx750347754634477568_1","totalAmount":"2"},{"mid":"898310100011808","merOrderId":"3HD3PLAT_wx750347754634477568_1","totalAmount":"1"}]}
[2026-02-04T13:34:06+08:00][info] Content Hash: 88ed863d96141af56aa8ac88f95afffe9076fe2a35174387dc1ae45886b3bdc0
[2026-02-04T13:34:06+08:00][info] 签名原串: 8a81c1bd96cf23aa019b078242721f2a20260204133406c667154e53f6e7526f87d3e05c1a6dc188ed863d96141af56aa8ac88f95afffe9076fe2a35174387dc1ae45886b3bdc0
[2026-02-04T13:34:06+08:00][info] Signature: PV5YG6Q73hgj/sJ43EsgiacLAzeYJdg/HuK98tQ2u+Y=
[2026-02-04T13:34:06+08:00][info] 完整URL长度: 1177
[2026-02-04T13:34:06+08:00][info] HTTP状态码: 302
[2026-02-04T13:34:06+08:00][info] 支付URL(重定向): https://qr.chinaums.com/netpay-portal/webpay/pay.do?requestTimestamp=2026-02-04+13%3A34%3A06&merOrderId=3HD3wx750347754634477568_1&mid=898310100011906&tid=9296HKBM&instMid=H5DEFAULT&totalAmount=3&orderDesc=%E5%84%BF%E7%AB%A5%E6%B0%B4%E6%9E%AA&notifyUrl=https%3A%2F%2Ftest.wx.sunnycloudtop.com%2Fapi%2Fpay%2Fums%2Fnotify&returnUrl=https%3A%2F%2Ftest.wx.sunnycloudtop.com%2Fpages%2Fgoods%2Forder_pay_status%2Findex%3Forder_id%3Dwx750347754634477568&divisionFlag=true&platformAmount=0&subOrders=%5B%7B%22mid%22%3A%22898310100011808%22%2C%22merOrderId%22%3A%223HD3SUB_wx750347754634477568_1%22%2C%22totalAmount%22%3A%222%22%7D%2C%7B%22mid%22%3A%22898310100011808%22%2C%22merOrderId%22%3A%223HD3PLAT_wx750347754634477568_1%22%2C%22totalAmount%22%3A%221%22%7D%5D&openAppId=8a81c1bd96cf23aa019b078242721f2a&msgSrc=OPENPLATFORM&msgType=WXPay.h5ToMiniPay&signType=SHA256&sign=f989d3e5b0b700f4c3c05dd7818d776ea45e286f7a10c0e6fea618852815ff36
[2026-02-04T13:34:06+08:00][info] 响应数据: {"errCode":"SUCCESS","payUrl":"https:\/\/qr.chinaums.com\/netpay-portal\/webpay\/pay.do?requestTimestamp=2026-02-04+13%3A34%3A06&merOrderId=3HD3wx750347754634477568_1&mid=898310100011906&tid=9296HKBM&instMid=H5DEFAULT&totalAmount=3&orderDesc=%E5%84%BF%E7%AB%A5%E6%B0%B4%E6%9E%AA&notifyUrl=https%3A%2F%2Ftest.wx.sunnycloudtop.com%2Fapi%2Fpay%2Fums%2Fnotify&returnUrl=https%3A%2F%2Ftest.wx.sunnycloudtop.com%2Fpages%2Fgoods%2Forder_pay_status%2Findex%3Forder_id%3Dwx750347754634477568&divisionFlag=true&platformAmount=0&subOrders=%5B%7B%22mid%22%3A%22898310100011808%22%2C%22merOrderId%22%3A%223HD3SUB_wx750347754634477568_1%22%2C%22totalAmount%22%3A%222%22%7D%2C%7B%22mid%22%3A%22898310100011808%22%2C%22merOrderId%22%3A%223HD3PLAT_wx750347754634477568_1%22%2C%22totalAmount%22%3A%221%22%7D%5D&openAppId=8a81c1bd96cf23aa019b078242721f2a&msgSrc=OPENPLATFORM&msgType=WXPay.h5ToMiniPay&signType=SHA256&sign=f989d3e5b0b700f4c3c05dd7818d776ea45e286f7a10c0e6fea618852815ff36"}
[2026-02-04T13:34:56+08:00][info] 生成支付单号: wx750346878305959936_3 (业务订单号: wx750346878305959936, 支付次数: 3)
[2026-02-04T13:34:56+08:00][info] 订单 wx750346878305959936 为多供应商订单，供应商数量: 1
[2026-02-04T13:34:56+08:00][info] 订单 wx750346878305959936 添加供应商分账: 上海达达123公司(ID:2), 金额=0.02元
[2026-02-04T13:34:56+08:00][info] 订单 wx750346878305959936 添加平台分账: 金额=0.01元
[2026-02-04T13:34:56+08:00][info] 订单 wx750346878305959936 构建分账数据成功: 分账子订单数=2
[2026-02-04T13:34:56+08:00][info] H5生产环境支付使用专用配置: productionH5
[2026-02-04T13:34:56+08:00][info] === 银联商务支付初始化 ===
[2026-02-04T13:34:56+08:00][info] 支付类型: h5
[2026-02-04T13:34:56+08:00][info] AppId: 8a81c1bd96cf23aa019b078242721f2a
[2026-02-04T13:34:56+08:00][info] 商户号: 898310100011906
[2026-02-04T13:34:56+08:00][info] 终端号: 9296HKBM
[2026-02-04T13:34:56+08:00][info] API地址: https://api-mop.chinaums.com
[2026-02-04T13:34:56+08:00][info] 环境: 生产
[2026-02-04T13:34:56+08:00][info] === 银联H5支付 ===
[2026-02-04T13:34:56+08:00][info] site_url配置: https://test.wx.sunnycloudtop.com
[2026-02-04T13:34:56+08:00][info] request domain: http://test.wx.sunnycloudtop.com
[2026-02-04T13:34:56+08:00][info] 最终使用: https://test.wx.sunnycloudtop.com
[2026-02-04T13:34:56+08:00][info] H5_RETURN_URL配置: 
[2026-02-04T13:34:56+08:00][info] 完整通知URL: https://test.wx.sunnycloudtop.com/api/pay/ums/notify
[2026-02-04T13:34:56+08:00][info] 返回URL: http://test.wx.sunnycloudtop.com/pages/goods/order_pay_status/index?order_id=wx750346878305959936
[2026-02-04T13:34:56+08:00][info] 订单需要分账: {"divisionFlag":true,"asynDivisionFlag":true,"platformAmount":0,"subOrders":[{"mid":"898310100011808","merOrderId":"SUB_wx750346878305959936_3_2","totalAmount":"2"},{"mid":"898310100011808","merOrderId":"PLAT_wx750346878305959936_3","totalAmount":"1"}]}
[2026-02-04T13:34:56+08:00][info] === 银联H5支付下单 ===
[2026-02-04T13:34:56+08:00][info] 原始订单号: wx750346878305959936_3
[2026-02-04T13:34:56+08:00][info] 金额: 0.03元
[2026-02-04T13:34:56+08:00][info] 通知URL: https://test.wx.sunnycloudtop.com/api/pay/ums/notify
[2026-02-04T13:34:56+08:00][info] 返回URL: http://test.wx.sunnycloudtop.com/pages/goods/order_pay_status/index?order_id=wx750346878305959936
[2026-02-04T13:34:56+08:00][info] 分账数据: {"divisionFlag":true,"asynDivisionFlag":true,"platformAmount":0,"subOrders":[{"mid":"898310100011808","merOrderId":"SUB_wx750346878305959936_3_2","totalAmount":"2"},{"mid":"898310100011808","merOrderId":"PLAT_wx750346878305959936_3","totalAmount":"1"}]}
[2026-02-04T13:34:56+08:00][info] 金额(分): 3
[2026-02-04T13:34:56+08:00][info] 银联订单号: 3HD3wx750346878305959936_3
[2026-02-04T13:34:56+08:00][info] 分账子订单: [{"mid":"898310100011808","merOrderId":"3HD3SUB_wx750346878305959936_3","totalAmount":"2"},{"mid":"898310100011808","merOrderId":"3HD3PLAT_wx750346878305959936_3","totalAmount":"1"}]
[2026-02-04T13:34:56+08:00][info] 请求参数: {"requestTimestamp":"2026-02-04 13:34:56","merOrderId":"3HD3wx750346878305959936_3","mid":"898310100011906","tid":"9296HKBM","instMid":"H5DEFAULT","totalAmount":"3","orderDesc":"儿童水枪","notifyUrl":"https:\/\/test.wx.sunnycloudtop.com\/api\/pay\/ums\/notify","returnUrl":"http:\/\/test.wx.sunnycloudtop.com\/pages\/goods\/order_pay_status\/index?order_id=wx750346878305959936","divisionFlag":true,"platformAmount":0,"subOrders":[{"mid":"898310100011808","merOrderId":"3HD3SUB_wx750346878305959936_3","totalAmount":"2"},{"mid":"898310100011808","merOrderId":"3HD3PLAT_wx750346878305959936_3","totalAmount":"1"}]}
[2026-02-04T13:34:56+08:00][info] 请求URL: https://api-mop.chinaums.com/v1/netpay/wxpay/h5-to-minipay
[2026-02-04T13:34:56+08:00][info] === H5支付请求(OPEN-FORM-PARAM) ===
[2026-02-04T13:34:56+08:00][info] Content: {"requestTimestamp":"2026-02-04 13:34:56","merOrderId":"3HD3wx750346878305959936_3","mid":"898310100011906","tid":"9296HKBM","instMid":"H5DEFAULT","totalAmount":"3","orderDesc":"\u513f\u7ae5\u6c34\u67aa","notifyUrl":"https:\/\/test.wx.sunnycloudtop.com\/api\/pay\/ums\/notify","returnUrl":"http:\/\/test.wx.sunnycloudtop.com\/pages\/goods\/order_pay_status\/index?order_id=wx750346878305959936","divisionFlag":true,"platformAmount":0,"subOrders":[{"mid":"898310100011808","merOrderId":"3HD3SUB_wx750346878305959936_3","totalAmount":"2"},{"mid":"898310100011808","merOrderId":"3HD3PLAT_wx750346878305959936_3","totalAmount":"1"}]}
[2026-02-04T13:34:56+08:00][info] Content Hash: 1b2c6f63561bb6f4f657b2d57eac52f61e82f6e55e6f0c44385dcd891b07bc05
[2026-02-04T13:34:56+08:00][info] 签名原串: 8a81c1bd96cf23aa019b078242721f2a20260204133456ced6fe4858ac3e49d8362da6ab342b881b2c6f63561bb6f4f657b2d57eac52f61e82f6e55e6f0c44385dcd891b07bc05
[2026-02-04T13:34:56+08:00][info] Signature: 3FV2C0QBIGU9Z9YwihD4O6VfUGRGyeHBIjDasfjrVtc=
[2026-02-04T13:34:56+08:00][info] 完整URL长度: 1170
[2026-02-04T13:34:57+08:00][info] HTTP状态码: 302
[2026-02-04T13:34:57+08:00][info] 支付URL(重定向): https://qr.chinaums.com/netpay-portal/webpay/pay.do?requestTimestamp=2026-02-04+13%3A34%3A56&merOrderId=3HD3wx750346878305959936_3&mid=898310100011906&tid=9296HKBM&instMid=H5DEFAULT&totalAmount=3&orderDesc=%E5%84%BF%E7%AB%A5%E6%B0%B4%E6%9E%AA&notifyUrl=https%3A%2F%2Ftest.wx.sunnycloudtop.com%2Fapi%2Fpay%2Fums%2Fnotify&returnUrl=http%3A%2F%2Ftest.wx.sunnycloudtop.com%2Fpages%2Fgoods%2Forder_pay_status%2Findex%3Forder_id%3Dwx750346878305959936&divisionFlag=true&platformAmount=0&subOrders=%5B%7B%22mid%22%3A%22898310100011808%22%2C%22merOrderId%22%3A%223HD3SUB_wx750346878305959936_3%22%2C%22totalAmount%22%3A%222%22%7D%2C%7B%22mid%22%3A%22898310100011808%22%2C%22merOrderId%22%3A%223HD3PLAT_wx750346878305959936_3%22%2C%22totalAmount%22%3A%221%22%7D%5D&openAppId=8a81c1bd96cf23aa019b078242721f2a&msgSrc=OPENPLATFORM&msgType=WXPay.h5ToMiniPay&signType=SHA256&sign=dd88e78565ea19e41dd739f273549cbee409a7f9152ddf9426b2f9dfd7264f0e
[2026-02-04T13:34:57+08:00][info] 响应数据: {"errCode":"SUCCESS","payUrl":"https:\/\/qr.chinaums.com\/netpay-portal\/webpay\/pay.do?requestTimestamp=2026-02-04+13%3A34%3A56&merOrderId=3HD3wx750346878305959936_3&mid=898310100011906&tid=9296HKBM&instMid=H5DEFAULT&totalAmount=3&orderDesc=%E5%84%BF%E7%AB%A5%E6%B0%B4%E6%9E%AA&notifyUrl=https%3A%2F%2Ftest.wx.sunnycloudtop.com%2Fapi%2Fpay%2Fums%2Fnotify&returnUrl=http%3A%2F%2Ftest.wx.sunnycloudtop.com%2Fpages%2Fgoods%2Forder_pay_status%2Findex%3Forder_id%3Dwx750346878305959936&divisionFlag=true&platformAmount=0&subOrders=%5B%7B%22mid%22%3A%22898310100011808%22%2C%22merOrderId%22%3A%223HD3SUB_wx750346878305959936_3%22%2C%22totalAmount%22%3A%222%22%7D%2C%7B%22mid%22%3A%22898310100011808%22%2C%22merOrderId%22%3A%223HD3PLAT_wx750346878305959936_3%22%2C%22totalAmount%22%3A%221%22%7D%5D&openAppId=8a81c1bd96cf23aa019b078242721f2a&msgSrc=OPENPLATFORM&msgType=WXPay.h5ToMiniPay&signType=SHA256&sign=dd88e78565ea19e41dd739f273549cbee409a7f9152ddf9426b2f9dfd7264f0e"}
[2026-02-04T13:35:40+08:00][info] 生成支付单号: wx735167146723639296_1 (业务订单号: wx735167146723639296, 支付次数: 1)
[2026-02-04T13:35:40+08:00][info] 订单 wx735167146723639296 没有供应商商品,按平台订单处理
[2026-02-04T13:35:40+08:00][info] 订单 wx735167146723639296 平台订单,全额分账到平台: 金额=0.10元
[2026-02-04T13:35:40+08:00][info] 订单 wx735167146723639296 构建分账数据成功: 分账子订单数=1
[2026-02-04T13:35:40+08:00][info] H5生产环境支付使用专用配置: productionH5
[2026-02-04T13:35:40+08:00][info] === 银联商务支付初始化 ===
[2026-02-04T13:35:40+08:00][info] 支付类型: h5
[2026-02-04T13:35:40+08:00][info] AppId: 8a81c1bd96cf23aa019b078242721f2a
[2026-02-04T13:35:40+08:00][info] 商户号: 898310100011906
[2026-02-04T13:35:40+08:00][info] 终端号: 9296HKBM
[2026-02-04T13:35:40+08:00][info] API地址: https://api-mop.chinaums.com
[2026-02-04T13:35:40+08:00][info] 环境: 生产
[2026-02-04T13:35:40+08:00][info] === 银联H5支付 ===
[2026-02-04T13:35:40+08:00][info] site_url配置: https://test.wx.sunnycloudtop.com
[2026-02-04T13:35:40+08:00][info] request domain: http://test.wx.sunnycloudtop.com
[2026-02-04T13:35:40+08:00][info] 最终使用: https://test.wx.sunnycloudtop.com
[2026-02-04T13:35:40+08:00][info] H5_RETURN_URL配置: 
[2026-02-04T13:35:40+08:00][info] 完整通知URL: https://test.wx.sunnycloudtop.com/api/pay/ums/notify
[2026-02-04T13:35:40+08:00][info] 返回URL: https://test.wx.sunnycloudtop.com/pages/goods/order_pay_status/index?order_id=wx735167146723639296
[2026-02-04T13:35:40+08:00][info] 订单需要分账: {"divisionFlag":true,"asynDivisionFlag":true,"platformAmount":0,"subOrders":[{"mid":"898310100011808","merOrderId":"PLAT_wx735167146723639296_1","totalAmount":"10"}]}
[2026-02-04T13:35:40+08:00][info] === 银联H5支付下单 ===
[2026-02-04T13:35:40+08:00][info] 原始订单号: wx735167146723639296_1
[2026-02-04T13:35:40+08:00][info] 金额: 0.10元
[2026-02-04T13:35:40+08:00][info] 通知URL: https://test.wx.sunnycloudtop.com/api/pay/ums/notify
[2026-02-04T13:35:40+08:00][info] 返回URL: https://test.wx.sunnycloudtop.com/pages/goods/order_pay_status/index?order_id=wx735167146723639296
[2026-02-04T13:35:40+08:00][info] 分账数据: {"divisionFlag":true,"asynDivisionFlag":true,"platformAmount":0,"subOrders":[{"mid":"898310100011808","merOrderId":"PLAT_wx735167146723639296_1","totalAmount":"10"}]}
[2026-02-04T13:35:40+08:00][info] 金额(分): 10
[2026-02-04T13:35:40+08:00][info] 银联订单号: 3HD3wx735167146723639296_1
[2026-02-04T13:35:40+08:00][info] 分账子订单: [{"mid":"898310100011808","merOrderId":"3HD3PLAT_wx735167146723639296_1","totalAmount":"10"}]
[2026-02-04T13:35:40+08:00][info] 请求参数: {"requestTimestamp":"2026-02-04 13:35:40","merOrderId":"3HD3wx735167146723639296_1","mid":"898310100011906","tid":"9296HKBM","instMid":"H5DEFAULT","totalAmount":"10","orderDesc":"支付测试商品","notifyUrl":"https:\/\/test.wx.sunnycloudtop.com\/api\/pay\/ums\/notify","returnUrl":"https:\/\/test.wx.sunnycloudtop.com\/pages\/goods\/order_pay_status\/index?order_id=wx735167146723639296","divisionFlag":true,"platformAmount":0,"subOrders":[{"mid":"898310100011808","merOrderId":"3HD3PLAT_wx735167146723639296_1","totalAmount":"10"}]}
[2026-02-04T13:35:40+08:00][info] 请求URL: https://api-mop.chinaums.com/v1/netpay/wxpay/h5-to-minipay
[2026-02-04T13:35:40+08:00][info] === H5支付请求(OPEN-FORM-PARAM) ===
[2026-02-04T13:35:40+08:00][info] Content: {"requestTimestamp":"2026-02-04 13:35:40","merOrderId":"3HD3wx735167146723639296_1","mid":"898310100011906","tid":"9296HKBM","instMid":"H5DEFAULT","totalAmount":"10","orderDesc":"\u652f\u4ed8\u6d4b\u8bd5\u5546\u54c1","notifyUrl":"https:\/\/test.wx.sunnycloudtop.com\/api\/pay\/ums\/notify","returnUrl":"https:\/\/test.wx.sunnycloudtop.com\/pages\/goods\/order_pay_status\/index?order_id=wx735167146723639296","divisionFlag":true,"platformAmount":0,"subOrders":[{"mid":"898310100011808","merOrderId":"3HD3PLAT_wx735167146723639296_1","totalAmount":"10"}]}
[2026-02-04T13:35:40+08:00][info] Content Hash: 69c4f052354912b0518cc2efcfec0a5ae1962303c88471edd6f796fa69389ba8
[2026-02-04T13:35:40+08:00][info] 签名原串: 8a81c1bd96cf23aa019b078242721f2a2026020413354071b1fcdd8fe5475cd6b29643613a394a69c4f052354912b0518cc2efcfec0a5ae1962303c88471edd6f796fa69389ba8
[2026-02-04T13:35:40+08:00][info] Signature: eoUKFYPnQQeX9skSRMQ7gT2jUoXcYy0uKi+ANyBBgC8=
[2026-02-04T13:35:40+08:00][info] 完整URL长度: 1061
[2026-02-04T13:35:40+08:00][info] HTTP状态码: 302
[2026-02-04T13:35:40+08:00][info] 支付URL(重定向): https://qr.chinaums.com/netpay-portal/webpay/pay.do?requestTimestamp=2026-02-04+13%3A35%3A40&merOrderId=3HD3wx735167146723639296_1&mid=898310100011906&tid=9296HKBM&instMid=H5DEFAULT&totalAmount=10&orderDesc=%E6%94%AF%E4%BB%98%E6%B5%8B%E8%AF%95%E5%95%86%E5%93%81&notifyUrl=https%3A%2F%2Ftest.wx.sunnycloudtop.com%2Fapi%2Fpay%2Fums%2Fnotify&returnUrl=https%3A%2F%2Ftest.wx.sunnycloudtop.com%2Fpages%2Fgoods%2Forder_pay_status%2Findex%3Forder_id%3Dwx735167146723639296&divisionFlag=true&platformAmount=0&subOrders=%5B%7B%22mid%22%3A%22898310100011808%22%2C%22merOrderId%22%3A%223HD3PLAT_wx735167146723639296_1%22%2C%22totalAmount%22%3A%2210%22%7D%5D&openAppId=8a81c1bd96cf23aa019b078242721f2a&msgSrc=OPENPLATFORM&msgType=WXPay.h5ToMiniPay&signType=SHA256&sign=b70542d71a0c6ea64f8a02f0bd5e722b0ba4d785c66cda1057a00b61c4fd477a
[2026-02-04T13:35:40+08:00][info] 响应数据: {"errCode":"SUCCESS","payUrl":"https:\/\/qr.chinaums.com\/netpay-portal\/webpay\/pay.do?requestTimestamp=2026-02-04+13%3A35%3A40&merOrderId=3HD3wx735167146723639296_1&mid=898310100011906&tid=9296HKBM&instMid=H5DEFAULT&totalAmount=10&orderDesc=%E6%94%AF%E4%BB%98%E6%B5%8B%E8%AF%95%E5%95%86%E5%93%81&notifyUrl=https%3A%2F%2Ftest.wx.sunnycloudtop.com%2Fapi%2Fpay%2Fums%2Fnotify&returnUrl=https%3A%2F%2Ftest.wx.sunnycloudtop.com%2Fpages%2Fgoods%2Forder_pay_status%2Findex%3Forder_id%3Dwx735167146723639296&divisionFlag=true&platformAmount=0&subOrders=%5B%7B%22mid%22%3A%22898310100011808%22%2C%22merOrderId%22%3A%223HD3PLAT_wx735167146723639296_1%22%2C%22totalAmount%22%3A%2210%22%7D%5D&openAppId=8a81c1bd96cf23aa019b078242721f2a&msgSrc=OPENPLATFORM&msgType=WXPay.h5ToMiniPay&signType=SHA256&sign=b70542d71a0c6ea64f8a02f0bd5e722b0ba4d785c66cda1057a00b61c4fd477a"}
[2026-02-04T13:37:34+08:00][info] 处理员工ID: 19
[2026-02-04T13:37:34+08:00][info] 员工信息: {"id":19,"enterprise_id":6,"uid":4,"employee_name":"18930523858","phone":"18930523858","email":"","total_welfare":"10.00","used_welfare":"10.00","welfare_status":1,"remark":"","is_del":0,"add_time":1766410910}
[2026-02-04T13:37:34+08:00][info] 用户信息: {"uid":4,"is_enterprise_user":1,"enterprise_id":6,"real_name":"张三","birthday":"","card_id":"","mark":"","partner_id":0,"group_id":0,"nickname":"wx641789","avatar":"https:\/\/test.wx.sunnycloudtop.com\/uploads\/system\/723adbdd4e49a0f9394dfc700ab5dba3.png","phone":"18930523858","add_time":1762777305,"last_time":1770183332,"last_ip":"180.169.218.6","now_money":"1000.00","enterprise_welfare":"0.00","brokerage_price":"0.00","integral":140,"exp":"40.31","sign_num":0,"sign_remind":0,"status":1,"level":0,"agent_level":0,"spread_open":1,"spread_uid":0,"spread_time":0,"spread_lottery":1,"work_uid":0,"work_userid":"","user_type":"routine","is_promoter":0,"pay_count":79,"spread_count":0,"addres":"","adminid":0,"login_type":"","login_city":"上海市","record_phone":"18930523085","is_money_level":0,"is_ever_level":0,"overdue_time":0,"uniqid":"","bar_code":"579985330","rand_code":0,"sex":0,"provincials":"","province":0,"city":0,"area":0,"street":0,"is_del":0,"delete_time":null,"extend_info":[],"level_status":1,"level_extend_info":[],"is_first_order":-1,"is_newcomer":-1,"replace_order_num":"","division_name":"","division_type":0,"division_status":0,"division_id":0,"agent_id":0,"staff_id":0,"division_percent":0,"division_end_time":0,"division_change_time":0,"division_invite":0,"identity":0,"is_channel":0}
[2026-02-04T13:37:34+08:00][info] 用户福利金已更新
[2026-02-04T13:37:34+08:00][info] 准备记录福利金变动
[2026-02-04T13:37:34+08:00][info] income方法 - 准备保存数据: {"enterprise_id":6,"uid":4,"employee_id":19,"change_type":1,"change_amount":100,"before_welfare":"0.00","after_welfare":100,"pm":1,"title":"企业授予福利金","mark":"","link_id":0,"operator_uid":11,"add_time":1770183454}
[2026-02-04T13:37:34+08:00][info] income方法 - 保存结果: 成功
[2026-02-04T13:37:34+08:00][info] 福利金变动记录完成
[2026-02-04T13:37:34+08:00][info] 创建发放记录
[2026-02-04T13:37:34+08:00][info] 发放记录创建完成
[2026-02-04T13:38:03+08:00][info] 组合支付重试: 检测到之前的支付记录，准备清理
[2026-02-04T13:38:03+08:00][info] 之前记录 - 在线支付: 0, 福利金: 0, 余额: 0, pay_type: combination
[2026-02-04T13:38:03+08:00][info] 组合支付重试: 已清理之前的支付金额记录和pay_type
[2026-02-04T13:38:03+08:00][info] 支付方式判断: 福利金=0.05, 余额=0.04, 在线=0.01, 支付方式数量=3, 是否组合支付=是
[2026-02-04T13:38:03+08:00][info] 组合支付: 记录福利金支付金额 0.05 元，订单号: wx735167146723639296
[2026-02-04T13:38:03+08:00][info] 组合支付: 记录余额支付金额 0.04 元，订单号: wx735167146723639296
[2026-02-04T13:38:03+08:00][info] 组合支付: 订单支付明细已记录，等待在线支付确认，订单号: wx735167146723639296
[2026-02-04T13:38:03+08:00][info] 生成支付单号: wx735167146723639296_2 (业务订单号: wx735167146723639296, 支付次数: 2)
[2026-02-04T13:38:03+08:00][info] 订单 wx735167146723639296 没有供应商商品,按平台订单处理
[2026-02-04T13:38:03+08:00][info] 订单 wx735167146723639296 平台订单,全额分账到平台: 金额=0.01元
[2026-02-04T13:38:03+08:00][info] 订单 wx735167146723639296 构建分账数据成功: 分账子订单数=1
[2026-02-04T13:38:03+08:00][info] H5生产环境支付使用专用配置: productionH5
[2026-02-04T13:38:03+08:00][info] === 银联商务支付初始化 ===
[2026-02-04T13:38:03+08:00][info] 支付类型: h5
[2026-02-04T13:38:03+08:00][info] AppId: 8a81c1bd96cf23aa019b078242721f2a
[2026-02-04T13:38:03+08:00][info] 商户号: 898310100011906
[2026-02-04T13:38:03+08:00][info] 终端号: 9296HKBM
[2026-02-04T13:38:03+08:00][info] API地址: https://api-mop.chinaums.com
[2026-02-04T13:38:03+08:00][info] 环境: 生产
[2026-02-04T13:38:03+08:00][info] === 银联H5支付 ===
[2026-02-04T13:38:03+08:00][info] site_url配置: https://test.wx.sunnycloudtop.com
[2026-02-04T13:38:03+08:00][info] request domain: http://test.wx.sunnycloudtop.com
[2026-02-04T13:38:03+08:00][info] 最终使用: https://test.wx.sunnycloudtop.com
[2026-02-04T13:38:03+08:00][info] H5_RETURN_URL配置: 
[2026-02-04T13:38:03+08:00][info] 完整通知URL: https://test.wx.sunnycloudtop.com/api/pay/ums/notify
[2026-02-04T13:38:03+08:00][info] 返回URL: https://test.wx.sunnycloudtop.com/pages/goods/order_pay_status/index?order_id=wx735167146723639296
[2026-02-04T13:38:03+08:00][info] 订单需要分账: {"divisionFlag":true,"asynDivisionFlag":true,"platformAmount":0,"subOrders":[{"mid":"898310100011808","merOrderId":"PLAT_wx735167146723639296_2","totalAmount":"1"}]}
[2026-02-04T13:38:03+08:00][info] === 银联H5支付下单 ===
[2026-02-04T13:38:03+08:00][info] 原始订单号: wx735167146723639296_2
[2026-02-04T13:38:03+08:00][info] 金额: 0.01元
[2026-02-04T13:38:03+08:00][info] 通知URL: https://test.wx.sunnycloudtop.com/api/pay/ums/notify
[2026-02-04T13:38:03+08:00][info] 返回URL: https://test.wx.sunnycloudtop.com/pages/goods/order_pay_status/index?order_id=wx735167146723639296
[2026-02-04T13:38:03+08:00][info] 分账数据: {"divisionFlag":true,"asynDivisionFlag":true,"platformAmount":0,"subOrders":[{"mid":"898310100011808","merOrderId":"PLAT_wx735167146723639296_2","totalAmount":"1"}]}
[2026-02-04T13:38:03+08:00][info] 金额(分): 1
[2026-02-04T13:38:03+08:00][info] 银联订单号: 3HD3wx735167146723639296_2
[2026-02-04T13:38:03+08:00][info] 分账子订单: [{"mid":"898310100011808","merOrderId":"3HD3PLAT_wx735167146723639296_2","totalAmount":"1"}]
[2026-02-04T13:38:03+08:00][info] 请求参数: {"requestTimestamp":"2026-02-04 13:38:03","merOrderId":"3HD3wx735167146723639296_2","mid":"898310100011906","tid":"9296HKBM","instMid":"H5DEFAULT","totalAmount":"1","orderDesc":"支付测试商品","notifyUrl":"https:\/\/test.wx.sunnycloudtop.com\/api\/pay\/ums\/notify","returnUrl":"https:\/\/test.wx.sunnycloudtop.com\/pages\/goods\/order_pay_status\/index?order_id=wx735167146723639296","divisionFlag":true,"platformAmount":0,"subOrders":[{"mid":"898310100011808","merOrderId":"3HD3PLAT_wx735167146723639296_2","totalAmount":"1"}]}
[2026-02-04T13:38:03+08:00][info] 请求URL: https://api-mop.chinaums.com/v1/netpay/wxpay/h5-to-minipay
[2026-02-04T13:38:03+08:00][info] === H5支付请求(OPEN-FORM-PARAM) ===
[2026-02-04T13:38:03+08:00][info] Content: {"requestTimestamp":"2026-02-04 13:38:03","merOrderId":"3HD3wx735167146723639296_2","mid":"898310100011906","tid":"9296HKBM","instMid":"H5DEFAULT","totalAmount":"1","orderDesc":"\u652f\u4ed8\u6d4b\u8bd5\u5546\u54c1","notifyUrl":"https:\/\/test.wx.sunnycloudtop.com\/api\/pay\/ums\/notify","returnUrl":"https:\/\/test.wx.sunnycloudtop.com\/pages\/goods\/order_pay_status\/index?order_id=wx735167146723639296","divisionFlag":true,"platformAmount":0,"subOrders":[{"mid":"898310100011808","merOrderId":"3HD3PLAT_wx735167146723639296_2","totalAmount":"1"}]}
[2026-02-04T13:38:03+08:00][info] Content Hash: 602e857466eedc9024d14831a05582dc842f463e78dc08342e11522c0351835a
[2026-02-04T13:38:03+08:00][info] 签名原串: 8a81c1bd96cf23aa019b078242721f2a20260204133803884e7f4b9ae835dd765345ab47c661aa602e857466eedc9024d14831a05582dc842f463e78dc08342e11522c0351835a
[2026-02-04T13:38:03+08:00][info] Signature: et0+jo8YWSMtUNVnO/WCn/W1zwWrDohH0obl5FAsXHs=
[2026-02-04T13:38:03+08:00][info] 完整URL长度: 1063
[2026-02-04T13:38:03+08:00][info] HTTP状态码: 302
[2026-02-04T13:38:03+08:00][info] 支付URL(重定向): https://qr.chinaums.com/netpay-portal/webpay/pay.do?requestTimestamp=2026-02-04+13%3A38%3A03&merOrderId=3HD3wx735167146723639296_2&mid=898310100011906&tid=9296HKBM&instMid=H5DEFAULT&totalAmount=1&orderDesc=%E6%94%AF%E4%BB%98%E6%B5%8B%E8%AF%95%E5%95%86%E5%93%81&notifyUrl=https%3A%2F%2Ftest.wx.sunnycloudtop.com%2Fapi%2Fpay%2Fums%2Fnotify&returnUrl=https%3A%2F%2Ftest.wx.sunnycloudtop.com%2Fpages%2Fgoods%2Forder_pay_status%2Findex%3Forder_id%3Dwx735167146723639296&divisionFlag=true&platformAmount=0&subOrders=%5B%7B%22mid%22%3A%22898310100011808%22%2C%22merOrderId%22%3A%223HD3PLAT_wx735167146723639296_2%22%2C%22totalAmount%22%3A%221%22%7D%5D&openAppId=8a81c1bd96cf23aa019b078242721f2a&msgSrc=OPENPLATFORM&msgType=WXPay.h5ToMiniPay&signType=SHA256&sign=6d762768e9913c845953a5539db94ed66c786f17897d85236313e60a96a0e338
[2026-02-04T13:38:03+08:00][info] 响应数据: {"errCode":"SUCCESS","payUrl":"https:\/\/qr.chinaums.com\/netpay-portal\/webpay\/pay.do?requestTimestamp=2026-02-04+13%3A38%3A03&merOrderId=3HD3wx735167146723639296_2&mid=898310100011906&tid=9296HKBM&instMid=H5DEFAULT&totalAmount=1&orderDesc=%E6%94%AF%E4%BB%98%E6%B5%8B%E8%AF%95%E5%95%86%E5%93%81&notifyUrl=https%3A%2F%2Ftest.wx.sunnycloudtop.com%2Fapi%2Fpay%2Fums%2Fnotify&returnUrl=https%3A%2F%2Ftest.wx.sunnycloudtop.com%2Fpages%2Fgoods%2Forder_pay_status%2Findex%3Forder_id%3Dwx735167146723639296&divisionFlag=true&platformAmount=0&subOrders=%5B%7B%22mid%22%3A%22898310100011808%22%2C%22merOrderId%22%3A%223HD3PLAT_wx735167146723639296_2%22%2C%22totalAmount%22%3A%221%22%7D%5D&openAppId=8a81c1bd96cf23aa019b078242721f2a&msgSrc=OPENPLATFORM&msgType=WXPay.h5ToMiniPay&signType=SHA256&sign=6d762768e9913c845953a5539db94ed66c786f17897d85236313e60a96a0e338"}
[2026-02-04T13:38:50+08:00][info] 组合支付重试: 检测到之前的支付记录，准备清理
[2026-02-04T13:38:50+08:00][info] 之前记录 - 在线支付: 0.01, 福利金: 0.05, 余额: 0.04, pay_type: combination
[2026-02-04T13:38:50+08:00][info] 组合支付重试: 已清理之前的支付金额记录和pay_type
[2026-02-04T13:38:50+08:00][info] 支付方式判断: 福利金=0.05, 余额=0.04, 在线=0.01, 支付方式数量=3, 是否组合支付=是
[2026-02-04T13:38:50+08:00][info] 组合支付: 记录福利金支付金额 0.05 元，订单号: wx735167146723639296
[2026-02-04T13:38:50+08:00][info] 组合支付: 记录余额支付金额 0.04 元，订单号: wx735167146723639296
[2026-02-04T13:38:50+08:00][info] 组合支付: 订单支付明细已记录，等待在线支付确认，订单号: wx735167146723639296
[2026-02-04T13:38:50+08:00][info] 生成支付单号: wx735167146723639296_3 (业务订单号: wx735167146723639296, 支付次数: 3)
[2026-02-04T13:38:50+08:00][info] 订单 wx735167146723639296 没有供应商商品,按平台订单处理
[2026-02-04T13:38:50+08:00][info] 订单 wx735167146723639296 平台订单,全额分账到平台: 金额=0.01元
[2026-02-04T13:38:50+08:00][info] 订单 wx735167146723639296 构建分账数据成功: 分账子订单数=1
[2026-02-04T13:38:50+08:00][info] H5生产环境支付使用专用配置: productionH5
[2026-02-04T13:38:50+08:00][info] === 银联商务支付初始化 ===
[2026-02-04T13:38:50+08:00][info] 支付类型: h5
[2026-02-04T13:38:50+08:00][info] AppId: 8a81c1bd96cf23aa019b078242721f2a
[2026-02-04T13:38:50+08:00][info] 商户号: 898310100011906
[2026-02-04T13:38:50+08:00][info] 终端号: 9296HKBM
[2026-02-04T13:38:50+08:00][info] API地址: https://api-mop.chinaums.com
[2026-02-04T13:38:50+08:00][info] 环境: 生产
[2026-02-04T13:38:50+08:00][info] === 银联H5支付 ===
[2026-02-04T13:38:50+08:00][info] site_url配置: https://test.wx.sunnycloudtop.com
[2026-02-04T13:38:50+08:00][info] request domain: http://test.wx.sunnycloudtop.com
[2026-02-04T13:38:50+08:00][info] 最终使用: https://test.wx.sunnycloudtop.com
[2026-02-04T13:38:50+08:00][info] H5_RETURN_URL配置: 
[2026-02-04T13:38:50+08:00][info] 完整通知URL: https://test.wx.sunnycloudtop.com/api/pay/ums/notify
[2026-02-04T13:38:50+08:00][info] 返回URL: https://test.wx.sunnycloudtop.com/pages/goods/order_pay_status/index?order_id=wx735167146723639296
[2026-02-04T13:38:50+08:00][info] 订单需要分账: {"divisionFlag":true,"asynDivisionFlag":true,"platformAmount":0,"subOrders":[{"mid":"898310100011808","merOrderId":"PLAT_wx735167146723639296_3","totalAmount":"1"}]}
[2026-02-04T13:38:50+08:00][info] === 银联H5支付下单 ===
[2026-02-04T13:38:50+08:00][info] 原始订单号: wx735167146723639296_3
[2026-02-04T13:38:50+08:00][info] 金额: 0.01元
[2026-02-04T13:38:50+08:00][info] 通知URL: https://test.wx.sunnycloudtop.com/api/pay/ums/notify
[2026-02-04T13:38:50+08:00][info] 返回URL: https://test.wx.sunnycloudtop.com/pages/goods/order_pay_status/index?order_id=wx735167146723639296
[2026-02-04T13:38:50+08:00][info] 分账数据: {"divisionFlag":true,"asynDivisionFlag":true,"platformAmount":0,"subOrders":[{"mid":"898310100011808","merOrderId":"PLAT_wx735167146723639296_3","totalAmount":"1"}]}
[2026-02-04T13:38:50+08:00][info] 金额(分): 1
[2026-02-04T13:38:50+08:00][info] 银联订单号: 3HD3wx735167146723639296_3
[2026-02-04T13:38:50+08:00][info] 分账子订单: [{"mid":"898310100011808","merOrderId":"3HD3PLAT_wx735167146723639296_3","totalAmount":"1"}]
[2026-02-04T13:38:50+08:00][info] 请求参数: {"requestTimestamp":"2026-02-04 13:38:50","merOrderId":"3HD3wx735167146723639296_3","mid":"898310100011906","tid":"9296HKBM","instMid":"H5DEFAULT","totalAmount":"1","orderDesc":"支付测试商品","notifyUrl":"https:\/\/test.wx.sunnycloudtop.com\/api\/pay\/ums\/notify","returnUrl":"https:\/\/test.wx.sunnycloudtop.com\/pages\/goods\/order_pay_status\/index?order_id=wx735167146723639296","divisionFlag":true,"platformAmount":0,"subOrders":[{"mid":"898310100011808","merOrderId":"3HD3PLAT_wx735167146723639296_3","totalAmount":"1"}]}
[2026-02-04T13:38:50+08:00][info] 请求URL: https://api-mop.chinaums.com/v1/netpay/wxpay/h5-to-minipay
[2026-02-04T13:38:50+08:00][info] === H5支付请求(OPEN-FORM-PARAM) ===
[2026-02-04T13:38:50+08:00][info] Content: {"requestTimestamp":"2026-02-04 13:38:50","merOrderId":"3HD3wx735167146723639296_3","mid":"898310100011906","tid":"9296HKBM","instMid":"H5DEFAULT","totalAmount":"1","orderDesc":"\u652f\u4ed8\u6d4b\u8bd5\u5546\u54c1","notifyUrl":"https:\/\/test.wx.sunnycloudtop.com\/api\/pay\/ums\/notify","returnUrl":"https:\/\/test.wx.sunnycloudtop.com\/pages\/goods\/order_pay_status\/index?order_id=wx735167146723639296","divisionFlag":true,"platformAmount":0,"subOrders":[{"mid":"898310100011808","merOrderId":"3HD3PLAT_wx735167146723639296_3","totalAmount":"1"}]}
[2026-02-04T13:38:50+08:00][info] Content Hash: 22bab60f80d1a0f5a598e3031febe2ce04c577521c13dbfde179b9417643e73f
[2026-02-04T13:38:50+08:00][info] 签名原串: 8a81c1bd96cf23aa019b078242721f2a2026020413385057f32bbe2abd4b61620697a8c3cff29e22bab60f80d1a0f5a598e3031febe2ce04c577521c13dbfde179b9417643e73f
[2026-02-04T13:38:50+08:00][info] Signature: TFom9ZPjOLkQWOjsOW6VrPZGxTSptufxBimV9crpHbA=
[2026-02-04T13:38:50+08:00][info] 完整URL长度: 1057
[2026-02-04T13:38:50+08:00][info] HTTP状态码: 302
[2026-02-04T13:38:50+08:00][info] 支付URL(重定向): https://qr.chinaums.com/netpay-portal/webpay/pay.do?requestTimestamp=2026-02-04+13%3A38%3A50&merOrderId=3HD3wx735167146723639296_3&mid=898310100011906&tid=9296HKBM&instMid=H5DEFAULT&totalAmount=1&orderDesc=%E6%94%AF%E4%BB%98%E6%B5%8B%E8%AF%95%E5%95%86%E5%93%81&notifyUrl=https%3A%2F%2Ftest.wx.sunnycloudtop.com%2Fapi%2Fpay%2Fums%2Fnotify&returnUrl=https%3A%2F%2Ftest.wx.sunnycloudtop.com%2Fpages%2Fgoods%2Forder_pay_status%2Findex%3Forder_id%3Dwx735167146723639296&divisionFlag=true&platformAmount=0&subOrders=%5B%7B%22mid%22%3A%22898310100011808%22%2C%22merOrderId%22%3A%223HD3PLAT_wx735167146723639296_3%22%2C%22totalAmount%22%3A%221%22%7D%5D&openAppId=8a81c1bd96cf23aa019b078242721f2a&msgSrc=OPENPLATFORM&msgType=WXPay.h5ToMiniPay&signType=SHA256&sign=81f6f10e78a5621517655ebb9ac9c255e716a557872cd6ecd1df3192561f57a0
[2026-02-04T13:38:50+08:00][info] 响应数据: {"errCode":"SUCCESS","payUrl":"https:\/\/qr.chinaums.com\/netpay-portal\/webpay\/pay.do?requestTimestamp=2026-02-04+13%3A38%3A50&merOrderId=3HD3wx735167146723639296_3&mid=898310100011906&tid=9296HKBM&instMid=H5DEFAULT&totalAmount=1&orderDesc=%E6%94%AF%E4%BB%98%E6%B5%8B%E8%AF%95%E5%95%86%E5%93%81&notifyUrl=https%3A%2F%2Ftest.wx.sunnycloudtop.com%2Fapi%2Fpay%2Fums%2Fnotify&returnUrl=https%3A%2F%2Ftest.wx.sunnycloudtop.com%2Fpages%2Fgoods%2Forder_pay_status%2Findex%3Forder_id%3Dwx735167146723639296&divisionFlag=true&platformAmount=0&subOrders=%5B%7B%22mid%22%3A%22898310100011808%22%2C%22merOrderId%22%3A%223HD3PLAT_wx735167146723639296_3%22%2C%22totalAmount%22%3A%221%22%7D%5D&openAppId=8a81c1bd96cf23aa019b078242721f2a&msgSrc=OPENPLATFORM&msgType=WXPay.h5ToMiniPay&signType=SHA256&sign=81f6f10e78a5621517655ebb9ac9c255e716a557872cd6ecd1df3192561f57a0"}
[2026-02-04T13:39:32+08:00][info] === 银联商务支付回调 ===
[2026-02-04T13:39:32+08:00][info] 回调数据: {"msgType":"wx.notify","payTime":"2026-02-04 13:39:32","buyerCashPayAmt":"1","connectSys":"UNIONPAY","jq":"MYWJ","sign":"C69A3950F99B5157ED5940C438DEBB9C92CB63A5A5F18EA1B87A403677BDA6AF","merName":"香溢乐享优选","mid":"898310100011906","invoiceAmount":"1","settleDate":"2026-02-04","billFunds":"现金:1","buyerId":"otdJ_uNR6GRFVnlDOVtnk9nZF5yg","mchntUuid":"0019383eb3eb40ecb7bd9b3e71db7637","tid":"9296HKBM","instMid":"MINIDEFAULT","receiptAmount":"1","couponAmount":"0","cardAttr":"DEBIT_CARD","targetOrderId":"4200003081202602043849922232","signType":"SHA256","billFundsDesc":"现金支付0.01元。","subBuyerId":"oE1wy5Dl5FgCNjBvb5MiGaL9WOnQ","orderDesc":"支付测试商品","seqId":"56689503521N","merOrderId":"3HD3wx735167146723639296_3","targetSys":"WXPay","bankInfo":"招商银行(借记卡)","totalAmount":"1","createTime":"2026-02-04 13:38:54","buyerPayAmount":"1","notifyId":"b8ec36ed-1ac7-46a7-a2df-aa0fcb2f6c5b","subInst":"104200","status":"TRADE_SUCCESS"}
[2026-02-04T13:39:32+08:00][info] 回调Header: {"connection":"upgrade","host":"test.wx.sunnycloudtop.com","x-real-ip":"180.169.109.227","x-forwarded-for":"180.169.109.227","remote-host":"180.169.109.227","content-length":"1020","content-type":"application\/x-www-form-urlencoded;charset=utf-8","accept":"*\/*","user-agent":"AHC\/2.1"}
[2026-02-04T13:39:32+08:00][info] === 银联商务支付初始化 ===
[2026-02-04T13:39:32+08:00][info] 支付类型: mini
[2026-02-04T13:39:32+08:00][info] AppId: 8a81c1bd96cf23aa019b078242721f2a
[2026-02-04T13:39:32+08:00][info] 商户号: 898310100010854
[2026-02-04T13:39:32+08:00][info] 终端号: 41AUZ7C6
[2026-02-04T13:39:32+08:00][info] API地址: https://api-mop.chinaums.com
[2026-02-04T13:39:32+08:00][info] 环境: 生产
[2026-02-04T13:39:32+08:00][info] === 银联支付回调处理 ===
[2026-02-04T13:39:32+08:00][info] 回调数据: {"msgType":"wx.notify","payTime":"2026-02-04 13:39:32","buyerCashPayAmt":"1","connectSys":"UNIONPAY","jq":"MYWJ","sign":"C69A3950F99B5157ED5940C438DEBB9C92CB63A5A5F18EA1B87A403677BDA6AF","merName":"香溢乐享优选","mid":"898310100011906","invoiceAmount":"1","settleDate":"2026-02-04","billFunds":"现金:1","buyerId":"otdJ_uNR6GRFVnlDOVtnk9nZF5yg","mchntUuid":"0019383eb3eb40ecb7bd9b3e71db7637","tid":"9296HKBM","instMid":"MINIDEFAULT","receiptAmount":"1","couponAmount":"0","cardAttr":"DEBIT_CARD","targetOrderId":"4200003081202602043849922232","signType":"SHA256","billFundsDesc":"现金支付0.01元。","subBuyerId":"oE1wy5Dl5FgCNjBvb5MiGaL9WOnQ","orderDesc":"支付测试商品","seqId":"56689503521N","merOrderId":"3HD3wx735167146723639296_3","targetSys":"WXPay","bankInfo":"招商银行(借记卡)","totalAmount":"1","createTime":"2026-02-04 13:38:54","buyerPayAmount":"1","notifyId":"b8ec36ed-1ac7-46a7-a2df-aa0fcb2f6c5b","subInst":"104200","status":"TRADE_SUCCESS"}
[2026-02-04T13:39:32+08:00][info] 签名类型: SHA256
[2026-02-04T13:39:32+08:00][info] 原始签名: C69A3950F99B5157ED5940C438DEBB9C92CB63A5A5F18EA1B87A403677BDA6AF
[2026-02-04T13:39:32+08:00][info] 待签名字符串: bankInfo=招商银行(借记卡)&billFunds=现金:1&billFundsDesc=现金支付0.01元。&buyerCashPayAmt=1&buyerId=otdJ_uNR6GRFVnlDOVtnk9nZF5yg&buyerPayAmount=1&cardAttr=DEBIT_CARD&connectSys=UNIONPAY&couponAmount=0&createTime=2026-02-04 13:38:54&instMid=MINIDEFAULT&invoiceAmount=1&jq=MYWJ&mchntUuid=0019383eb3eb40ecb7bd9b3e71db7637&merName=香溢乐享优选&merOrderId=3HD3wx735167146723639296_3&mid=898310100011906&msgType=wx.notify&notifyId=b8ec36ed-1ac7-46a7-a2df-aa0fcb2f6c5b&orderDesc=支付测试商品&payTime=2026-02-04 13:39:32&receiptAmount=1&seqId=56689503521N&settleDate=2026-02-04&signType=SHA256&status=TRADE_SUCCESS&subBuyerId=oE1wy5Dl5FgCNjBvb5MiGaL9WOnQ&subInst=104200&targetOrderId=4200003081202602043849922232&targetSys=WXPay&tid=9296HKBM&totalAmount=1bW3kxKW4dQmzYaNzj4DZS84H2fe6rzYfMY6TSXbSQ2y7WQYn
[2026-02-04T13:39:32+08:00][info] 计算签名: C69A3950F99B5157ED5940C438DEBB9C92CB63A5A5F18EA1B87A403677BDA6AF
[2026-02-04T13:39:32+08:00][info] 签名验证成功
[2026-02-04T13:39:32+08:00][info] UMS notify uses targetOrderId as trade_no: 4200003081202602043849922232
[2026-02-04T13:39:32+08:00][info] 银联支付回调: 支付单号=3HD3wx735167146723639296_3, 业务订单号=3HD3wx735167146723639296, 支付系统=WXPay, 支付渠道=
[2026-02-04T13:39:32+08:00][info] === PaySuccessListener 处理支付成功事件 ===
[2026-02-04T13:39:32+08:00][info] 事件数据: {"order_id":"3HD3wx735167146723639296","pay_order_id":"3HD3wx735167146723639296_3","trade_no":"4200003081202602043849922232","pay_type":"ums","target_sys":"WXPay","pay_channel":"","pay_time":1770183572,"notify_id":"b8ec36ed-1ac7-46a7-a2df-aa0fcb2f6c5b"}
[2026-02-04T13:39:32+08:00][info] 实际支付单号: 3HD3wx735167146723639296_3
[2026-02-04T13:39:32+08:00][info] 调用 paySuccess 方法: order_id=wx735167146723639296, pay_type=ums, trade_no=4200003081202602043849922232, pay_channel=
[2026-02-04T13:39:32+08:00][info] === 组合支付回调：确认扣款 ===
[2026-02-04T13:39:32+08:00][info] 订单号: wx735167146723639296
[2026-02-04T13:39:32+08:00][info] === 确认组合支付，开始扣款 ===
[2026-02-04T13:39:32+08:00][info] 订单号: wx735167146723639296
[2026-02-04T13:39:32+08:00][info] 福利金: 0.05 元
[2026-02-04T13:39:32+08:00][info] 余额: 0.04 元
[2026-02-04T13:39:32+08:00][info] 福利金扣款成功: 0.05 元
[2026-02-04T13:39:32+08:00][info] 余额扣款成功: 0.04 元
[2026-02-04T13:39:32+08:00][info] 组合支付确认成功，福利金和余额已扣款，订单已标记为已支付
[2026-02-04T13:39:32+08:00][info] 组合支付: 等待支付回调统一触发支付成功事件
[2026-02-04T13:39:32+08:00][info] 组合支付扣款确认成功
[2026-02-04T13:39:32+08:00][info] 组合支付订单,保持 pay_type = combination,支付渠道: ums, 支付系统: 未知
[2026-02-04T13:39:32+08:00][info] 记录实际支付单号: 3HD3wx735167146723639296_3
[2026-02-04T13:39:32+08:00][info] 组合支付确认流程,保持 pay_type = combination
[2026-02-04T13:39:32+08:00][info] 支付成功处理完成: wx735167146723639296
[2026-02-04T13:39:32+08:00][info] 银联商务支付成功: 业务订单号=3HD3wx735167146723639296, 支付单号=3HD3wx735167146723639296_3, 流水号=4200003081202602043849922232, 通知ID=b8ec36ed-1ac7-46a7-a2df-aa0fcb2f6c5b, 支付系统=WXPay, 支付渠道=
[2026-02-04T13:39:35+08:00][info] 记录支付资金流水: 订单=wx735167146723639296, 支付方式=combination, 支付金额=0.10
[2026-02-04T13:39:35+08:00][info] 开始批量处理自动标签:array (
  'user_ids' => 4,
  'trigger_type' => '',
  'label_ids' => 
  array (
  ),
)
[2026-02-04T13:39:35+08:00][info] 开始批量处理自动标签2:array (
  'user_count' => 1,
  'trigger_type' => '',
  'label_ids' => 
  array (
  ),
)
[2026-02-04T13:39:35+08:00][info] 开始批量处理自动标签:array (
  'user_count' => 1,
  'trigger_type' => '',
  'label_ids' => 
  array (
  ),
)
[2026-02-04T13:39:35+08:00][info] 没有找到自动标签:array (
  'label_ids' => 
  array (
  ),
)
[2026-02-04T13:43:27+08:00][info] 整单退款状态判断: order_id=110, pay_price=0.10, total_refund=0.10, refund_status=1
[2026-02-04T13:43:27+08:00][info] 开始处理退款: {"order_id":110,"order_no":"wx735167146723639296","pay_type":"combination","pay_price":"0.10","online_pay_price":"0.01","balance_pay_price":"0.04","welfare_pay_price":"0.05","pay_type_detail":"{\"welfare\":0.05,\"balance\":0.04,\"online_pay_type\":\"ums\"}","refund_price":"0.10"}
[2026-02-04T13:43:27+08:00][info] 检测到组合支付订单,进入组合支付退款流程, pay_type: combination
[2026-02-04T13:43:27+08:00][info] 退款比例: 1.0000
[2026-02-04T13:43:27+08:00][info] 福利金按比例计算: 0.05 元
[2026-02-04T13:43:27+08:00][info] 余额按比例计算: 0.04 元
[2026-02-04T13:43:27+08:00][info] 在线支付按比例计算: 0.01 元
[2026-02-04T13:43:27+08:00][info] 计算总和: 0.10 元
[2026-02-04T13:43:27+08:00][info] 差额: 0.00 元
[2026-02-04T13:43:27+08:00][info] 补偿后总额: 0.10 元, 应退款: 0.10 元
[2026-02-04T13:43:27+08:00][info] 开始处理余额退款,金额: 0.04 元
[2026-02-04T13:43:27+08:00][info] === 开始处理余额退款 ===
[2026-02-04T13:43:27+08:00][info] 订单号: wx735167146723639296
[2026-02-04T13:43:27+08:00][info] 订单ID: 110
[2026-02-04T13:43:27+08:00][info] 用户ID: 4
[2026-02-04T13:43:27+08:00][info] 退款金额: 0.04
[2026-02-04T13:43:27+08:00][info] 用户当前余额: 999.96
[2026-02-04T13:43:27+08:00][info] ✅ 用户余额增加成功，增加金额: 0.04
[2026-02-04T13:43:27+08:00][info] 商品标题: 购买支付测试商品
[2026-02-04T13:43:27+08:00][info] 退款后余额: 1000.00
[2026-02-04T13:43:27+08:00][info] ✅ 资金流水记录成功
[2026-02-04T13:43:27+08:00][info] === 余额退款处理完成 ===
[2026-02-04T13:43:27+08:00][info] 余额退款成功!
[2026-02-04T13:43:27+08:00][info] 开始处理在线支付退款,金额: 0.01 元
[2026-02-04T13:43:27+08:00][info] 进入 handleOnlinePayRefund 方法: {"pay_type":"combination","online_pay_price":"0.01","pay_type_detail":"{\"welfare\":0.05,\"balance\":0.04,\"online_pay_type\":\"ums\"}"}
[2026-02-04T13:43:27+08:00][info] 使用已计算好的在线支付退款金额(含差额补偿): 0.01
[2026-02-04T13:43:27+08:00][info] 最终在线支付退款金额: 0.01
[2026-02-04T13:43:27+08:00][info] 开始判断在线支付方式...
[2026-02-04T13:43:27+08:00][info] 订单是组合支付,尝试从 pay_type_detail 获取 online_pay_type
[2026-02-04T13:43:27+08:00][info] 解析后的 pay_type_detail: {"welfare":0.05,"balance":0.04,"online_pay_type":"ums"}
[2026-02-04T13:43:27+08:00][info] 从 pay_type_detail 中获取到 online_pay_type: ums
[2026-02-04T13:43:27+08:00][info] 最终确定的支付方式 payType: ums
[2026-02-04T13:43:27+08:00][info] 进入 switch 语句,payType: ums
[2026-02-04T13:43:27+08:00][info] 匹配到银联支付退款 case (组合支付), payType: ums
[2026-02-04T13:43:27+08:00][info] 退款使用配置类型(组合支付): mini
[2026-02-04T13:43:27+08:00][info] 银联退款参数(组合支付) - 业务订单号: wx735167146723639296, 实际支付单号: 3HD3wx735167146723639296_3, 退款单号: wx735167146723639296594, 订单总金额: 0.10, 退款金额: 0.01, instMid: 
[2026-02-04T13:43:27+08:00][info] === 银联商务支付初始化 ===
[2026-02-04T13:43:27+08:00][info] 支付类型: mini
[2026-02-04T13:43:27+08:00][info] AppId: 8a81c1bd96cf23aa019b078242721f2a
[2026-02-04T13:43:27+08:00][info] 商户号: 898310100010854
[2026-02-04T13:43:27+08:00][info] 终端号: 41AUZ7C6
[2026-02-04T13:43:27+08:00][info] API地址: https://api-mop.chinaums.com
[2026-02-04T13:43:27+08:00][info] 环境: 生产
[2026-02-04T13:43:27+08:00][info] === 银联退款 ===
[2026-02-04T13:43:27+08:00][info] 原订单号: 3HD3wx735167146723639296_3
[2026-02-04T13:43:27+08:00][info] 退款订单号: wx735167146723639296594
[2026-02-04T13:43:27+08:00][info] 订单总金额: 0.10元
[2026-02-04T13:43:27+08:00][info] 退款金额: 0.01元
[2026-02-04T13:43:27+08:00][info] 银联订单号: 3HD3wx735167146723639296_3
[2026-02-04T13:43:27+08:00][info] 银联退款订单号: 3HD3wx735167146723639296594
[2026-02-04T13:43:27+08:00][info] 订单总金额(分): 10
[2026-02-04T13:43:27+08:00][info] 退款金额(分): 1
[2026-02-04T13:43:27+08:00][info] 请求参数: {"requestTimestamp":"2026-02-04 13:43:27","mid":"898310100010854","tid":"41AUZ7C6","merOrderId":"3HD3wx735167146723639296_3","refundOrderId":"3HD3wx735167146723639296594","refundAmount":"1","totalAmount":"10","orderDesc":"订单退款"}
[2026-02-04T13:43:27+08:00][info] 报文体: {"requestTimestamp":"2026-02-04 13:43:27","mid":"898310100010854","tid":"41AUZ7C6","merOrderId":"3HD3wx735167146723639296_3","refundOrderId":"3HD3wx735167146723639296594","refundAmount":"1","totalAmount":"10","orderDesc":"\u8ba2\u5355\u9000\u6b3e"}
[2026-02-04T13:43:27+08:00][info] 报文体SHA256: 30aa292aa9319cab88a8ca5a40b8c645e631d9f2727dadd0d0513d6e6ddd8a3e
[2026-02-04T13:43:27+08:00][info] 签名原串: 8a81c1bd96cf23aa019b078242721f2a2026020413432715ca24d73b674f48490f5730e09fbd5430aa292aa9319cab88a8ca5a40b8c645e631d9f2727dadd0d0513d6e6ddd8a3e
[2026-02-04T13:43:27+08:00][info] 签名结果: ulN6A25ceHnQexgYTRo2I+BIkE7yP0iISSV3VWyGnWg=
[2026-02-04T13:43:27+08:00][info] Authorization: OPEN-BODY-SIG AppId="8a81c1bd96cf23aa019b078242721f2a",Timestamp="20260204134327",Nonce="15ca24d73b674f48490f5730e09fbd54",Signature="ulN6A25ceHnQexgYTRo2I+BIkE7yP0iISSV3VWyGnWg="
[2026-02-04T13:43:27+08:00][info] 响应数据: {"errCode":"NO_ORDER","errMsg":"无法找到指定的订单","responseTimestamp":"2026-02-04 13:43:27"}
[2026-02-04T13:43:27+08:00][info] 银联退款调用失败(组合支付): 退款失败: 无法找到指定的订单
[2026-02-04T13:43:27+08:00][info] 异常堆栈: #0 /var/www/app/services/order/StoreOrderRefundServices.php(2005): crmeb\services\UmsPayService->refund()
#1 /var/www/app/services/order/StoreOrderRefundServices.php(869): app\services\order\StoreOrderRefundServices->handleOnlinePayRefund()
#2 /var/www/vendor/topthink/think-orm/src/db/PDOConnection.php(1521): app\services\order\StoreOrderRefundServices->app\services\order\{closure}()
#3 /var/www/vendor/topthink/think-swoole/src/pool/Proxy.php(83): think\db\PDOConnection->transaction()
#4 /var/www/vendor/topthink/think-swoole/src/pool/proxy/Connection.php(188): think\swoole\pool\Proxy->__call()
#5 [internal function]: think\swoole\pool\proxy\Connection->transaction()
#6 /var/www/vendor/topthink/think-orm/src/DbManager.php(409): call_user_func_array()
#7 [internal function]: think\DbManager->__call()
#8 /var/www/vendor/topthink/framework/src/think/Facade.php(97): call_user_func_array()
#9 /var/www/app/services/BaseServices.php(56): think\Facade::__callStatic()
#10 /var/www/app/services/order/StoreOrderRefundServices.php(1028): app\services\BaseServices->transaction()
#11 /var/www/app/common/controller/Order.php(957): app\services\order\StoreOrderRefundServices->agreeRefund()
#12 [internal function]: app\controller\admin\v1\order\StoreOrder->open_order_refund()
#13 /var/www/vendor/topthink/framework/src/think/Container.php(345): ReflectionMethod->invokeArgs()
#14 /var/www/vendor/topthink/framework/src/think/route/dispatch/Controller.php(110): think\Container->invokeReflectMethod()
#15 /var/www/vendor/topthink/framework/src/think/Pipeline.php(59): think\route\dispatch\Controller->think\route\dispatch\{closure}()
#16 /var/www/vendor/topthink/framework/src/think/Pipeline.php(66): think\Pipeline->think\{closure}()
#17 /var/www/vendor/topthink/framework/src/think/route/dispatch/Controller.php(113): think\Pipeline->then()
#18 /var/www/vendor/topthink/framework/src/think/route/Dispatch.php(52): think\route\dispatch\Controller->exec()
#19 /var/www/vendor/topthink/framework/src/think/Route.php(755): think\route\Dispatch->run()
#20 /var/www/vendor/topthink/framework/src/think/Pipeline.php(59): think\Route->think\{closure}()
#21 /var/www/app/http/middleware/admin/AdminLogMiddleware.php(40): think\Pipeline->think\{closure}()
#22 [internal function]: app\http\middleware\admin\AdminLogMiddleware->handle()
#23 /var/www/vendor/topthink/framework/src/think/Middleware.php(134): call_user_func()
#24 /var/www/vendor/topthink/framework/src/think/Pipeline.php(85): think\Middleware->think\{closure}()
#25 /var/www/app/http/middleware/admin/AdminCkeckRoleMiddleware.php(57): think\Pipeline->think\{closure}()
#26 [internal function]: app\http\middleware\admin\AdminCkeckRoleMiddleware->handle()
#27 /var/www/vendor/topthink/framework/src/think/Middleware.php(134): call_user_func()
#28 /var/www/vendor/topthink/framework/src/think/Pipeline.php(85): think\Middleware->think\{closure}()
#29 /var/www/app/http/middleware/admin/AdminAuthTokenMiddleware.php(39): think\Pipeline->think\{closure}()
#30 [internal function]: app\http\middleware\admin\AdminAuthTokenMiddleware->handle()
#31 /var/www/vendor/topthink/framework/src/think/Middleware.php(134): call_user_func()
#32 /var/www/vendor/topthink/framework/src/think/Pipeline.php(85): think\Middleware->think\{closure}()
#33 /var/www/app/http/middleware/AllowOriginMiddleware.php(50): think\Pipeline->think\{closure}()
#34 [internal function]: app\http\middleware\AllowOriginMiddleware->handle()
#35 /var/www/vendor/topthink/framework/src/think/Middleware.php(134): call_user_func()
#36 /var/www/vendor/topthink/framework/src/think/Pipeline.php(85): think\Middleware->think\{closure}()
#37 /var/www/app/http/middleware/InstallMiddleware.php(32): think\Pipeline->think\{closure}()
#38 [internal function]: app\http\middleware\InstallMiddleware->handle()
#39 /var/www/vendor/topthink/framework/src/think/Middleware.php(134): call_user_func()
#40 /var/www/vendor/topthink/framework/src/think/Pipeline.php(85): think\Middleware->think\{closure}()
#41 /var/www/vendor/topthink/framework/src/think/Pipeline.php(66): think\Pipeline->think\{closure}()
#42 /var/www/vendor/topthink/framework/src/think/Route.php(756): think\Pipeline->then()
#43 /var/www/vendor/topthink/framework/src/think/Http.php(208): think\Route->dispatch()
#44 /var/www/vendor/topthink/framework/src/think/Http.php(198): think\Http->dispatchToRoute()
#45 /var/www/vendor/topthink/framework/src/think/Pipeline.php(59): think\Http->think\{closure}()
#46 /var/www/vendor/topthink/framework/src/think/middleware/LoadLangPack.php(53): think\Pipeline->think\{closure}()
#47 [internal function]: think\middleware\LoadLangPack->handle()
#48 /var/www/vendor/topthink/framework/src/think/Middleware.php(134): call_user_func()
#49 /var/www/vendor/topthink/framework/src/think/Pipeline.php(85): think\Middleware->think\{closure}()
#50 /var/www/vendor/topthink/framework/src/think/middleware/SessionInit.php(58): think\Pipeline->think\{closure}()
#51 [internal function]: think\middleware\SessionInit->handle()
#52 /var/www/vendor/topthink/framework/src/think/Middleware.php(134): call_user_func()
#53 /var/www/vendor/topthink/framework/src/think/Pipeline.php(85): think\Middleware->think\{closure}()
#54 /var/www/crmeb/topthink/TraceDebug.php(43): think\Pipeline->think\{closure}()
#55 [internal function]: crmeb\topthink\TraceDebug->handle()
#56 /var/www/vendor/topthink/framework/src/think/Middleware.php(134): call_user_func()
#57 /var/www/vendor/topthink/framework/src/think/Pipeline.php(85): think\Middleware->think\{closure}()
#58 /var/www/vendor/topthink/framework/src/think/Pipeline.php(66): think\Pipeline->think\{closure}()
#59 /var/www/vendor/topthink/framework/src/think/Http.php(199): think\Pipeline->then()
#60 /var/www/vendor/topthink/framework/src/think/Http.php(162): think\Http->runWithRequest()
#61 /var/www/vendor/topthink/think-swoole/src/concerns/InteractsWithHttp.php(143): think\Http->run()
#62 /var/www/vendor/topthink/think-swoole/src/concerns/InteractsWithHttp.php(125): think\swoole\Manager->handleRequest()
#63 /var/www/vendor/topthink/framework/src/think/Container.php(295): think\swoole\Manager->think\swoole\concerns\{closure}()
#64 /var/www/vendor/topthink/framework/src/think/Container.php(359): think\Container->invokeFunction()
#65 /var/www/vendor/topthink/think-swoole/src/Sandbox.php(87): think\Container->invoke()
#66 /var/www/vendor/topthink/think-swoole/src/concerns/WithApplication.php(84): think\swoole\Sandbox->run()
#67 /var/www/vendor/topthink/think-swoole/src/concerns/InteractsWithHttp.php(134): think\swoole\Manager->runInSandbox()
#68 {main}
[2026-02-04T13:45:05+08:00][info] 订单创建-购物车商品信息: {"product_id":14,"product_type":2,"relation_id":2,"settle_price":"0.02","cart_num":1}
[2026-02-04T13:45:05+08:00][info] 订单创建-计算结算价: {"supplier_id":2,"attr_settle_price":"0.02","item_settle_price":"0.02","total_settle_price":"0.02"}
[2026-02-04T13:45:05+08:00][info] 订单创建-供应商详细信息: [{"id":2,"name":"\u4e0a\u6d77\u8fbe\u8fbe123\u516c\u53f8","amount":"0.02"}]
[2026-02-04T13:45:05+08:00][info] 订单创建-最终结算价: supplier_id=2, settle_price=0.02, 供应商数量=1
[2026-02-04T13:45:16+08:00][info] 组合支付重试: 检测到之前的支付记录，准备清理
[2026-02-04T13:45:16+08:00][info] 之前记录 - 在线支付: 0, 福利金: 0, 余额: 0, pay_type: combination
[2026-02-04T13:45:16+08:00][info] 组合支付重试: 已清理之前的支付金额记录和pay_type
[2026-02-04T13:45:16+08:00][info] 支付方式判断: 福利金=0.02, 余额=0, 在线=0.01, 支付方式数量=2, 是否组合支付=是
[2026-02-04T13:45:16+08:00][info] 组合支付: 记录福利金支付金额 0.02 元，订单号: wx750350523068055552
[2026-02-04T13:45:16+08:00][info] 组合支付: 订单支付明细已记录，等待在线支付确认，订单号: wx750350523068055552
[2026-02-04T13:45:16+08:00][info] 生成支付单号: wx750350523068055552_1 (业务订单号: wx750350523068055552, 支付次数: 1)
[2026-02-04T13:45:16+08:00][info] 订单 wx750350523068055552 为多供应商订单，供应商数量: 1
[2026-02-04T13:45:16+08:00][info] 订单 wx750350523068055552 添加供应商分账: 上海达达123公司(ID:2), 金额=0.01元
[2026-02-04T13:45:16+08:00][info] 订单 wx750350523068055552 构建分账数据成功: 分账子订单数=1
[2026-02-04T13:45:16+08:00][info] H5生产环境支付使用专用配置: productionH5
[2026-02-04T13:45:16+08:00][info] === 银联商务支付初始化 ===
[2026-02-04T13:45:16+08:00][info] 支付类型: h5
[2026-02-04T13:45:16+08:00][info] AppId: 8a81c1bd96cf23aa019b078242721f2a
[2026-02-04T13:45:16+08:00][info] 商户号: 898310100011906
[2026-02-04T13:45:16+08:00][info] 终端号: 9296HKBM
[2026-02-04T13:45:16+08:00][info] API地址: https://api-mop.chinaums.com
[2026-02-04T13:45:16+08:00][info] 环境: 生产
[2026-02-04T13:45:16+08:00][info] === 银联H5支付 ===
[2026-02-04T13:45:16+08:00][info] site_url配置: https://test.wx.sunnycloudtop.com
[2026-02-04T13:45:16+08:00][info] request domain: http://test.wx.sunnycloudtop.com
[2026-02-04T13:45:16+08:00][info] 最终使用: https://test.wx.sunnycloudtop.com
[2026-02-04T13:45:16+08:00][info] H5_RETURN_URL配置: 
[2026-02-04T13:45:16+08:00][info] 完整通知URL: https://test.wx.sunnycloudtop.com/api/pay/ums/notify
[2026-02-04T13:45:16+08:00][info] 返回URL: https://test.wx.sunnycloudtop.com/pages/goods/order_pay_status/index?order_id=wx750350523068055552
[2026-02-04T13:45:16+08:00][info] 订单需要分账: {"divisionFlag":true,"asynDivisionFlag":true,"platformAmount":0,"subOrders":[{"mid":"898310100011808","merOrderId":"SUB_wx750350523068055552_1_2","totalAmount":"1"}]}
[2026-02-04T13:45:16+08:00][info] === 银联H5支付下单 ===
[2026-02-04T13:45:16+08:00][info] 原始订单号: wx750350523068055552_1
[2026-02-04T13:45:16+08:00][info] 金额: 0.01元
[2026-02-04T13:45:16+08:00][info] 通知URL: https://test.wx.sunnycloudtop.com/api/pay/ums/notify
[2026-02-04T13:45:16+08:00][info] 返回URL: https://test.wx.sunnycloudtop.com/pages/goods/order_pay_status/index?order_id=wx750350523068055552
[2026-02-04T13:45:16+08:00][info] 分账数据: {"divisionFlag":true,"asynDivisionFlag":true,"platformAmount":0,"subOrders":[{"mid":"898310100011808","merOrderId":"SUB_wx750350523068055552_1_2","totalAmount":"1"}]}
[2026-02-04T13:45:16+08:00][info] 金额(分): 1
[2026-02-04T13:45:16+08:00][info] 银联订单号: 3HD3wx750350523068055552_1
[2026-02-04T13:45:16+08:00][info] 分账子订单: [{"mid":"898310100011808","merOrderId":"3HD3SUB_wx750350523068055552_1","totalAmount":"1"}]
[2026-02-04T13:45:16+08:00][info] 请求参数: {"requestTimestamp":"2026-02-04 13:45:16","merOrderId":"3HD3wx750350523068055552_1","mid":"898310100011906","tid":"9296HKBM","instMid":"H5DEFAULT","totalAmount":"1","orderDesc":"儿童水枪","notifyUrl":"https:\/\/test.wx.sunnycloudtop.com\/api\/pay\/ums\/notify","returnUrl":"https:\/\/test.wx.sunnycloudtop.com\/pages\/goods\/order_pay_status\/index?order_id=wx750350523068055552","divisionFlag":true,"platformAmount":0,"subOrders":[{"mid":"898310100011808","merOrderId":"3HD3SUB_wx750350523068055552_1","totalAmount":"1"}]}
[2026-02-04T13:45:16+08:00][info] 请求URL: https://api-mop.chinaums.com/v1/netpay/wxpay/h5-to-minipay
[2026-02-04T13:45:16+08:00][info] === H5支付请求(OPEN-FORM-PARAM) ===
[2026-02-04T13:45:16+08:00][info] Content: {"requestTimestamp":"2026-02-04 13:45:16","merOrderId":"3HD3wx750350523068055552_1","mid":"898310100011906","tid":"9296HKBM","instMid":"H5DEFAULT","totalAmount":"1","orderDesc":"\u513f\u7ae5\u6c34\u67aa","notifyUrl":"https:\/\/test.wx.sunnycloudtop.com\/api\/pay\/ums\/notify","returnUrl":"https:\/\/test.wx.sunnycloudtop.com\/pages\/goods\/order_pay_status\/index?order_id=wx750350523068055552","divisionFlag":true,"platformAmount":0,"subOrders":[{"mid":"898310100011808","merOrderId":"3HD3SUB_wx750350523068055552_1","totalAmount":"1"}]}
[2026-02-04T13:45:16+08:00][info] Content Hash: d0f34ea051f4b23b0cf07b76330db1e2850344655c3081bdaaa3a4b9301def24
[2026-02-04T13:45:16+08:00][info] 签名原串: 8a81c1bd96cf23aa019b078242721f2a2026020413451683c0bb5068292209bb8a2fc3f2791b43d0f34ea051f4b23b0cf07b76330db1e2850344655c3081bdaaa3a4b9301def24
[2026-02-04T13:45:16+08:00][info] Signature: W75DGLvgXMT+UEWQ8JSy5MKk92xMxR6VHbT6iSwgebY=
[2026-02-04T13:45:16+08:00][info] 完整URL长度: 1042
[2026-02-04T13:45:16+08:00][info] HTTP状态码: 302
[2026-02-04T13:45:16+08:00][info] 支付URL(重定向): https://qr.chinaums.com/netpay-portal/webpay/pay.do?requestTimestamp=2026-02-04+13%3A45%3A16&merOrderId=3HD3wx750350523068055552_1&mid=898310100011906&tid=9296HKBM&instMid=H5DEFAULT&totalAmount=1&orderDesc=%E5%84%BF%E7%AB%A5%E6%B0%B4%E6%9E%AA&notifyUrl=https%3A%2F%2Ftest.wx.sunnycloudtop.com%2Fapi%2Fpay%2Fums%2Fnotify&returnUrl=https%3A%2F%2Ftest.wx.sunnycloudtop.com%2Fpages%2Fgoods%2Forder_pay_status%2Findex%3Forder_id%3Dwx750350523068055552&divisionFlag=true&platformAmount=0&subOrders=%5B%7B%22mid%22%3A%22898310100011808%22%2C%22merOrderId%22%3A%223HD3SUB_wx750350523068055552_1%22%2C%22totalAmount%22%3A%221%22%7D%5D&openAppId=8a81c1bd96cf23aa019b078242721f2a&msgSrc=OPENPLATFORM&msgType=WXPay.h5ToMiniPay&signType=SHA256&sign=099dc28e9df0a16fd279b9f7bfff06a730f5d02a6e5243206a5bdbaf9cdf482f
[2026-02-04T13:45:16+08:00][info] 响应数据: {"errCode":"SUCCESS","payUrl":"https:\/\/qr.chinaums.com\/netpay-portal\/webpay\/pay.do?requestTimestamp=2026-02-04+13%3A45%3A16&merOrderId=3HD3wx750350523068055552_1&mid=898310100011906&tid=9296HKBM&instMid=H5DEFAULT&totalAmount=1&orderDesc=%E5%84%BF%E7%AB%A5%E6%B0%B4%E6%9E%AA&notifyUrl=https%3A%2F%2Ftest.wx.sunnycloudtop.com%2Fapi%2Fpay%2Fums%2Fnotify&returnUrl=https%3A%2F%2Ftest.wx.sunnycloudtop.com%2Fpages%2Fgoods%2Forder_pay_status%2Findex%3Forder_id%3Dwx750350523068055552&divisionFlag=true&platformAmount=0&subOrders=%5B%7B%22mid%22%3A%22898310100011808%22%2C%22merOrderId%22%3A%223HD3SUB_wx750350523068055552_1%22%2C%22totalAmount%22%3A%221%22%7D%5D&openAppId=8a81c1bd96cf23aa019b078242721f2a&msgSrc=OPENPLATFORM&msgType=WXPay.h5ToMiniPay&signType=SHA256&sign=099dc28e9df0a16fd279b9f7bfff06a730f5d02a6e5243206a5bdbaf9cdf482f"}
[2026-02-04T13:45:28+08:00][info] === 银联商务支付回调 ===
[2026-02-04T13:45:28+08:00][info] 回调数据: {"fh":"kcGH","msgType":"wx.notify","payTime":"2026-02-04 13:45:28","buyerCashPayAmt":"1","connectSys":"UNIONPAY","sign":"0A4C8F9D093A4243372075847D6614152E36EDFCD90AC2680D5AF9008F058BE3","merName":"香溢乐享优选","mid":"898310100011906","invoiceAmount":"1","settleDate":"2026-02-04","billFunds":"现金:1","buyerId":"otdJ_uNR6GRFVnlDOVtnk9nZF5yg","mchntUuid":"0019383eb3eb40ecb7bd9b3e71db7637","tid":"9296HKBM","instMid":"MINIDEFAULT","receiptAmount":"1","couponAmount":"0","cardAttr":"DEBIT_CARD","targetOrderId":"4200003083202602041042473060","signType":"SHA256","billFundsDesc":"现金支付0.01元。","subBuyerId":"oE1wy5Dl5FgCNjBvb5MiGaL9WOnQ","orderDesc":"儿童水枪","seqId":"56689220055N","merOrderId":"3HD3wx750350523068055552_1","targetSys":"WXPay","bankInfo":"招商银行(借记卡)","totalAmount":"1","createTime":"2026-02-04 13:45:19","buyerPayAmount":"1","notifyId":"2a714689-3139-44fb-8177-a171b94d7843","subInst":"104200","status":"TRADE_SUCCESS"}
[2026-02-04T13:45:28+08:00][info] 回调Header: {"connection":"upgrade","host":"test.wx.sunnycloudtop.com","x-real-ip":"180.169.109.227","x-forwarded-for":"180.169.109.227","remote-host":"180.169.109.227","content-length":"1002","content-type":"application\/x-www-form-urlencoded;charset=utf-8","accept":"*\/*","user-agent":"AHC\/2.1"}
[2026-02-04T13:45:28+08:00][info] === 银联商务支付初始化 ===
[2026-02-04T13:45:28+08:00][info] 支付类型: mini
[2026-02-04T13:45:28+08:00][info] AppId: 8a81c1bd96cf23aa019b078242721f2a
[2026-02-04T13:45:28+08:00][info] 商户号: 898310100010854
[2026-02-04T13:45:28+08:00][info] 终端号: 41AUZ7C6
[2026-02-04T13:45:28+08:00][info] API地址: https://api-mop.chinaums.com
[2026-02-04T13:45:28+08:00][info] 环境: 生产
[2026-02-04T13:45:28+08:00][info] === 银联支付回调处理 ===
[2026-02-04T13:45:28+08:00][info] 回调数据: {"fh":"kcGH","msgType":"wx.notify","payTime":"2026-02-04 13:45:28","buyerCashPayAmt":"1","connectSys":"UNIONPAY","sign":"0A4C8F9D093A4243372075847D6614152E36EDFCD90AC2680D5AF9008F058BE3","merName":"香溢乐享优选","mid":"898310100011906","invoiceAmount":"1","settleDate":"2026-02-04","billFunds":"现金:1","buyerId":"otdJ_uNR6GRFVnlDOVtnk9nZF5yg","mchntUuid":"0019383eb3eb40ecb7bd9b3e71db7637","tid":"9296HKBM","instMid":"MINIDEFAULT","receiptAmount":"1","couponAmount":"0","cardAttr":"DEBIT_CARD","targetOrderId":"4200003083202602041042473060","signType":"SHA256","billFundsDesc":"现金支付0.01元。","subBuyerId":"oE1wy5Dl5FgCNjBvb5MiGaL9WOnQ","orderDesc":"儿童水枪","seqId":"56689220055N","merOrderId":"3HD3wx750350523068055552_1","targetSys":"WXPay","bankInfo":"招商银行(借记卡)","totalAmount":"1","createTime":"2026-02-04 13:45:19","buyerPayAmount":"1","notifyId":"2a714689-3139-44fb-8177-a171b94d7843","subInst":"104200","status":"TRADE_SUCCESS"}
[2026-02-04T13:45:28+08:00][info] 签名类型: SHA256
[2026-02-04T13:45:28+08:00][info] 原始签名: 0A4C8F9D093A4243372075847D6614152E36EDFCD90AC2680D5AF9008F058BE3
[2026-02-04T13:45:28+08:00][info] 待签名字符串: bankInfo=招商银行(借记卡)&billFunds=现金:1&billFundsDesc=现金支付0.01元。&buyerCashPayAmt=1&buyerId=otdJ_uNR6GRFVnlDOVtnk9nZF5yg&buyerPayAmount=1&cardAttr=DEBIT_CARD&connectSys=UNIONPAY&couponAmount=0&createTime=2026-02-04 13:45:19&fh=kcGH&instMid=MINIDEFAULT&invoiceAmount=1&mchntUuid=0019383eb3eb40ecb7bd9b3e71db7637&merName=香溢乐享优选&merOrderId=3HD3wx750350523068055552_1&mid=898310100011906&msgType=wx.notify&notifyId=2a714689-3139-44fb-8177-a171b94d7843&orderDesc=儿童水枪&payTime=2026-02-04 13:45:28&receiptAmount=1&seqId=56689220055N&settleDate=2026-02-04&signType=SHA256&status=TRADE_SUCCESS&subBuyerId=oE1wy5Dl5FgCNjBvb5MiGaL9WOnQ&subInst=104200&targetOrderId=4200003083202602041042473060&targetSys=WXPay&tid=9296HKBM&totalAmount=1bW3kxKW4dQmzYaNzj4DZS84H2fe6rzYfMY6TSXbSQ2y7WQYn
[2026-02-04T13:45:28+08:00][info] 计算签名: 0A4C8F9D093A4243372075847D6614152E36EDFCD90AC2680D5AF9008F058BE3
[2026-02-04T13:45:28+08:00][info] 签名验证成功
[2026-02-04T13:45:28+08:00][info] UMS notify uses targetOrderId as trade_no: 4200003083202602041042473060
[2026-02-04T13:45:28+08:00][info] 银联支付回调: 支付单号=3HD3wx750350523068055552_1, 业务订单号=3HD3wx750350523068055552, 支付系统=WXPay, 支付渠道=
[2026-02-04T13:45:28+08:00][info] === PaySuccessListener 处理支付成功事件 ===
[2026-02-04T13:45:28+08:00][info] 事件数据: {"order_id":"3HD3wx750350523068055552","pay_order_id":"3HD3wx750350523068055552_1","trade_no":"4200003083202602041042473060","pay_type":"ums","target_sys":"WXPay","pay_channel":"","pay_time":1770183928,"notify_id":"2a714689-3139-44fb-8177-a171b94d7843"}
[2026-02-04T13:45:28+08:00][info] 实际支付单号: 3HD3wx750350523068055552_1
[2026-02-04T13:45:28+08:00][info] 调用 paySuccess 方法: order_id=wx750350523068055552, pay_type=ums, trade_no=4200003083202602041042473060, pay_channel=
[2026-02-04T13:45:28+08:00][info] === 组合支付回调：确认扣款 ===
[2026-02-04T13:45:28+08:00][info] 订单号: wx750350523068055552
[2026-02-04T13:45:28+08:00][info] === 确认组合支付，开始扣款 ===
[2026-02-04T13:45:28+08:00][info] 订单号: wx750350523068055552
[2026-02-04T13:45:28+08:00][info] 福利金: 0.02 元
[2026-02-04T13:45:28+08:00][info] 余额: 0 元
[2026-02-04T13:45:28+08:00][info] 福利金扣款成功: 0.02 元
[2026-02-04T13:45:28+08:00][info] 组合支付确认成功，福利金和余额已扣款，订单已标记为已支付
[2026-02-04T13:45:28+08:00][info] 组合支付: 等待支付回调统一触发支付成功事件
[2026-02-04T13:45:28+08:00][info] 组合支付扣款确认成功
[2026-02-04T13:45:28+08:00][info] 组合支付订单,保持 pay_type = combination,支付渠道: ums, 支付系统: 未知
[2026-02-04T13:45:28+08:00][info] 记录实际支付单号: 3HD3wx750350523068055552_1
[2026-02-04T13:45:28+08:00][info] 组合支付确认流程,保持 pay_type = combination
[2026-02-04T13:45:28+08:00][info] 订单支付方式统计: 订单=wx750350523068055552, 在线=0.01, 福利金=0.02, 余额=0, 支付方式数=2, 是否组合=1
[2026-02-04T13:45:28+08:00][info] === 组合支付分账计算 ===
[2026-02-04T13:45:28+08:00][info] 订单号: wx750350523068055552
[2026-02-04T13:45:28+08:00][info] 订单总金额: 0.03
[2026-02-04T13:45:28+08:00][info] 供应商应得总额: 0.02
[2026-02-04T13:45:28+08:00][info] 分成比例: 0.6666
[2026-02-04T13:45:28+08:00][info] 在线支付: 0.01
[2026-02-04T13:45:28+08:00][info] 福利金支付: 0.02
[2026-02-04T13:45:28+08:00][info] 余额支付: 0
[2026-02-04T13:45:28+08:00][info] 订单 wx750350523068055552 已存在分账记录数: 0
[2026-02-04T13:45:28+08:00][info] 在线支付应分账(分): 0, 转回(元): 0.00
[2026-02-04T13:45:28+08:00][info] 剩余应分账: 0.02
[2026-02-04T13:45:28+08:00][info] 在线支付应分账: 0.00
[2026-02-04T13:45:28+08:00][info] 福利金应分账: 0.02
[2026-02-04T13:45:28+08:00][info] 余额应分账: 0.00
[2026-02-04T13:45:28+08:00][info] 分账总额: 0.02
[2026-02-04T13:45:28+08:00][info] 未发现重复记录，继续创建: order_no=wx750350523068055552, division_type=subsidy
[2026-02-04T13:45:28+08:00][info] 创建福利金分账记录: 订单=wx750350523068055552, 供应商实收=0.02, 平台实收=0.00
[2026-02-04T13:45:28+08:00][info] 开始创建供应商流水: 订单号=wx750350523068055552, 支付类型=combination, 福利金=0.02, 余额=0.00, 在线=0.01
[2026-02-04T13:45:28+08:00][info] 组合支付流水创建检查: order_id=wx750350523068055552, payment_count=2, existing_types=[], missing_types=["welfare","online"]
[2026-02-04T13:45:28+08:00][info] 订单缺失部分支付方式的供应商流水,继续创建: order_id=wx750350523068055552, missing_types=["welfare","online"]
[2026-02-04T13:45:28+08:00][info] 开始创建组合支付供应商流水: order_id=wx750350523068055552, missing_pay_types=["welfare","online"]
[2026-02-04T13:45:28+08:00][info] 检测到分账记录，切换到镜像生成模式: order_id=wx750350523068055552
[2026-02-04T13:45:28+08:00][info] 镜像生成组合支付流水成功: order_id=wx750350523068055552, pay_type=welfare, amount=0.02
[2026-02-04T13:45:28+08:00][info] 供应商流水创建结束: 订单号=wx750350523068055552
[2026-02-04T13:45:28+08:00][info] 支付成功处理完成: wx750350523068055552
[2026-02-04T13:45:28+08:00][info] 银联商务支付成功: 业务订单号=3HD3wx750350523068055552, 支付单号=3HD3wx750350523068055552_1, 流水号=4200003083202602041042473060, 通知ID=2a714689-3139-44fb-8177-a171b94d7843, 支付系统=WXPay, 支付渠道=
[2026-02-04T13:45:30+08:00][info] ShareOrderJob-更新订单供应商信息: order_id=279, supplier_id=2, settle_price=0.02
[2026-02-04T13:45:30+08:00][info] 子订单支付方式统计: 订单=wx750350523068055552, 在线=0.01, 福利金=0.02, 余额=0, 支付方式数=2, 是否组合=1
[2026-02-04T13:45:30+08:00][info] === 子订单组合支付分账计算 ===
[2026-02-04T13:45:30+08:00][info] 订单号: wx750350523068055552
[2026-02-04T13:45:30+08:00][info] 供应商本单应得总额: 0.02
[2026-02-04T13:45:30+08:00][info] 分账比例: 0.6666
[2026-02-04T13:45:30+08:00][info] 在线支付应分账(分): 0, 转回(元): 0.00
[2026-02-04T13:45:30+08:00][info] 剩余补贴金额: 0.02
[2026-02-04T13:45:30+08:00][info] 计算结果 - 在线应分账: 0.00, 福利金: 0.02, 余额: 0.00
[2026-02-04T13:45:30+08:00][info] 创建子订单福利金分账记录: 订单=wx750350523068055552, 供应商实收=0.02, 平台实收=0.00
[2026-02-04T13:45:30+08:00][info] 组合支付流水创建检查: order_id=wx750350523068055552, payment_count=2, existing_types=["welfare"], missing_types=["online"]
[2026-02-04T13:45:30+08:00][info] 订单缺失部分支付方式的供应商流水,继续创建: order_id=wx750350523068055552, missing_types=["online"]
[2026-02-04T13:45:30+08:00][info] 开始创建组合支付供应商流水: order_id=wx750350523068055552, missing_pay_types=["online"]
[2026-02-04T13:45:30+08:00][info] 检测到分账记录，切换到镜像生成模式: order_id=wx750350523068055552
[2026-02-04T13:45:30+08:00][info] 子订单供应商流水创建成功: 订单号=wx750350523068055552
[2026-02-04T13:45:30+08:00][info] 记录支付资金流水: 订单=wx750350523068055552, 支付方式=combination, 支付金额=0.03
[2026-02-04T13:45:30+08:00][info] 开始批量处理自动标签:array (
  'user_ids' => 4,
  'trigger_type' => '',
  'label_ids' => 
  array (
  ),
)
[2026-02-04T13:45:30+08:00][info] 开始批量处理自动标签2:array (
  'user_count' => 1,
  'trigger_type' => '',
  'label_ids' => 
  array (
  ),
)
[2026-02-04T13:45:30+08:00][info] 开始批量处理自动标签:array (
  'user_count' => 1,
  'trigger_type' => '',
  'label_ids' => 
  array (
  ),
)
[2026-02-04T13:45:30+08:00][info] 没有找到自动标签:array (
  'label_ids' => 
  array (
  ),
)
[2026-02-04T13:46:19+08:00][info] 整单退款状态判断: order_id=279, pay_price=0.03, total_refund=0.03, refund_status=1
[2026-02-04T13:46:19+08:00][info] 开始处理退款: {"order_id":279,"order_no":"wx750350523068055552","pay_type":"combination","pay_price":"0.03","online_pay_price":"0.01","balance_pay_price":"0.00","welfare_pay_price":"0.02","pay_type_detail":"{\"welfare\":0.02,\"online_pay_type\":\"ums\"}","refund_price":"0.03"}
[2026-02-04T13:46:19+08:00][info] 检测到组合支付订单,进入组合支付退款流程, pay_type: combination
[2026-02-04T13:46:19+08:00][info] 退款比例: 1.0000
[2026-02-04T13:46:19+08:00][info] 福利金按比例计算: 0.02 元
[2026-02-04T13:46:19+08:00][info] 在线支付按比例计算: 0.01 元
[2026-02-04T13:46:19+08:00][info] 计算总和: 0.03 元
[2026-02-04T13:46:19+08:00][info] 差额: 0.00 元
[2026-02-04T13:46:19+08:00][info] 补偿后总额: 0.03 元, 应退款: 0.03 元
[2026-02-04T13:46:19+08:00][info] 开始处理在线支付退款,金额: 0.01 元
[2026-02-04T13:46:19+08:00][info] 进入 handleOnlinePayRefund 方法: {"pay_type":"combination","online_pay_price":"0.01","pay_type_detail":"{\"welfare\":0.02,\"online_pay_type\":\"ums\"}"}
[2026-02-04T13:46:19+08:00][info] 使用已计算好的在线支付退款金额(含差额补偿): 0.01
[2026-02-04T13:46:19+08:00][info] 最终在线支付退款金额: 0.01
[2026-02-04T13:46:19+08:00][info] 开始判断在线支付方式...
[2026-02-04T13:46:19+08:00][info] 订单是组合支付,尝试从 pay_type_detail 获取 online_pay_type
[2026-02-04T13:46:19+08:00][info] 解析后的 pay_type_detail: {"welfare":0.02,"online_pay_type":"ums"}
[2026-02-04T13:46:19+08:00][info] 从 pay_type_detail 中获取到 online_pay_type: ums
[2026-02-04T13:46:19+08:00][info] 最终确定的支付方式 payType: ums
[2026-02-04T13:46:19+08:00][info] 进入 switch 语句,payType: ums
[2026-02-04T13:46:19+08:00][info] 匹配到银联支付退款 case (组合支付), payType: ums
[2026-02-04T13:46:19+08:00][info] 退款使用配置类型(组合支付): mini
[2026-02-04T13:46:19+08:00][info] 订单 wx750350523068055552 已退款总金额: 0 元
[2026-02-04T13:46:19+08:00][info] 银联退款参数(组合支付) - 业务订单号: wx750350523068055552, 实际支付单号: 3HD3wx750350523068055552_1, 退款单号: wx750350523068055552737, 订单总金额: 0.03, 退款金额: 0.01, instMid: 
[2026-02-04T13:46:19+08:00][info] === 银联商务支付初始化 ===
[2026-02-04T13:46:19+08:00][info] 支付类型: mini
[2026-02-04T13:46:19+08:00][info] AppId: 8a81c1bd96cf23aa019b078242721f2a
[2026-02-04T13:46:19+08:00][info] 商户号: 898310100010854
[2026-02-04T13:46:19+08:00][info] 终端号: 41AUZ7C6
[2026-02-04T13:46:19+08:00][info] API地址: https://api-mop.chinaums.com
[2026-02-04T13:46:19+08:00][info] 环境: 生产
[2026-02-04T13:46:19+08:00][info] === 银联退款 ===
[2026-02-04T13:46:19+08:00][info] 原订单号: 3HD3wx750350523068055552_1
[2026-02-04T13:46:19+08:00][info] 退款订单号: wx750350523068055552737
[2026-02-04T13:46:19+08:00][info] 订单总金额: 0.03元
[2026-02-04T13:46:19+08:00][info] 退款金额: 0.01元
[2026-02-04T13:46:19+08:00][info] 银联订单号: 3HD3wx750350523068055552_1
[2026-02-04T13:46:19+08:00][info] 银联退款订单号: 3HD3wx750350523068055552737
[2026-02-04T13:46:19+08:00][info] 订单总金额(分): 3
[2026-02-04T13:46:19+08:00][info] 退款金额(分): 1
[2026-02-04T13:46:19+08:00][info] 请求参数: {"requestTimestamp":"2026-02-04 13:46:19","mid":"898310100010854","tid":"41AUZ7C6","merOrderId":"3HD3wx750350523068055552_1","refundOrderId":"3HD3wx750350523068055552737","refundAmount":"1","totalAmount":"3","orderDesc":"订单退款"}
[2026-02-04T13:46:19+08:00][info] 报文体: {"requestTimestamp":"2026-02-04 13:46:19","mid":"898310100010854","tid":"41AUZ7C6","merOrderId":"3HD3wx750350523068055552_1","refundOrderId":"3HD3wx750350523068055552737","refundAmount":"1","totalAmount":"3","orderDesc":"\u8ba2\u5355\u9000\u6b3e"}
[2026-02-04T13:46:19+08:00][info] 报文体SHA256: 6c22934acc96c3c7fca53f5c3e75cea6eb58be20382d8d09c1def7da4667b1c0
[2026-02-04T13:46:19+08:00][info] 签名原串: 8a81c1bd96cf23aa019b078242721f2a20260204134619bc26bc863c634d58b2cc48891711f0216c22934acc96c3c7fca53f5c3e75cea6eb58be20382d8d09c1def7da4667b1c0
[2026-02-04T13:46:19+08:00][info] 签名结果: /ZGq50WFH9f+tz+T2EWnttI+wKWQOHXzpSxBz/ClqiU=
[2026-02-04T13:46:19+08:00][info] Authorization: OPEN-BODY-SIG AppId="8a81c1bd96cf23aa019b078242721f2a",Timestamp="20260204134619",Nonce="bc26bc863c634d58b2cc48891711f021",Signature="/ZGq50WFH9f+tz+T2EWnttI+wKWQOHXzpSxBz/ClqiU="
[2026-02-04T13:46:19+08:00][info] 响应数据: {"errCode":"NO_ORDER","errMsg":"无法找到指定的订单","responseTimestamp":"2026-02-04 13:46:19"}
[2026-02-04T13:46:19+08:00][info] 银联退款调用失败(组合支付): 退款失败: 无法找到指定的订单
[2026-02-04T13:46:19+08:00][info] 异常堆栈: #0 /var/www/app/services/order/StoreOrderRefundServices.php(2005): crmeb\services\UmsPayService->refund()
#1 /var/www/app/services/order/StoreOrderRefundServices.php(869): app\services\order\StoreOrderRefundServices->handleOnlinePayRefund()
#2 /var/www/vendor/topthink/think-orm/src/db/PDOConnection.php(1521): app\services\order\StoreOrderRefundServices->app\services\order\{closure}()
#3 /var/www/vendor/topthink/think-swoole/src/pool/Proxy.php(83): think\db\PDOConnection->transaction()
#4 /var/www/vendor/topthink/think-swoole/src/pool/proxy/Connection.php(188): think\swoole\pool\Proxy->__call()
#5 [internal function]: think\swoole\pool\proxy\Connection->transaction()
#6 /var/www/vendor/topthink/think-orm/src/DbManager.php(409): call_user_func_array()
#7 [internal function]: think\DbManager->__call()
#8 /var/www/vendor/topthink/framework/src/think/Facade.php(97): call_user_func_array()
#9 /var/www/app/services/BaseServices.php(56): think\Facade::__callStatic()
#10 /var/www/app/services/order/StoreOrderRefundServices.php(1028): app\services\BaseServices->transaction()
#11 /var/www/app/common/controller/Order.php(957): app\services\order\StoreOrderRefundServices->agreeRefund()
#12 [internal function]: app\controller\admin\v1\order\StoreOrder->open_order_refund()
#13 /var/www/vendor/topthink/framework/src/think/Container.php(345): ReflectionMethod->invokeArgs()
#14 /var/www/vendor/topthink/framework/src/think/route/dispatch/Controller.php(110): think\Container->invokeReflectMethod()
#15 /var/www/vendor/topthink/framework/src/think/Pipeline.php(59): think\route\dispatch\Controller->think\route\dispatch\{closure}()
#16 /var/www/vendor/topthink/framework/src/think/Pipeline.php(66): think\Pipeline->think\{closure}()
#17 /var/www/vendor/topthink/framework/src/think/route/dispatch/Controller.php(113): think\Pipeline->then()
#18 /var/www/vendor/topthink/framework/src/think/route/Dispatch.php(52): think\route\dispatch\Controller->exec()
#19 /var/www/vendor/topthink/framework/src/think/Route.php(755): think\route\Dispatch->run()
#20 /var/www/vendor/topthink/framework/src/think/Pipeline.php(59): think\Route->think\{closure}()
#21 /var/www/app/http/middleware/admin/AdminLogMiddleware.php(40): think\Pipeline->think\{closure}()
#22 [internal function]: app\http\middleware\admin\AdminLogMiddleware->handle()
#23 /var/www/vendor/topthink/framework/src/think/Middleware.php(134): call_user_func()
#24 /var/www/vendor/topthink/framework/src/think/Pipeline.php(85): think\Middleware->think\{closure}()
#25 /var/www/app/http/middleware/admin/AdminCkeckRoleMiddleware.php(57): think\Pipeline->think\{closure}()
#26 [internal function]: app\http\middleware\admin\AdminCkeckRoleMiddleware->handle()
#27 /var/www/vendor/topthink/framework/src/think/Middleware.php(134): call_user_func()
#28 /var/www/vendor/topthink/framework/src/think/Pipeline.php(85): think\Middleware->think\{closure}()
#29 /var/www/app/http/middleware/admin/AdminAuthTokenMiddleware.php(39): think\Pipeline->think\{closure}()
#30 [internal function]: app\http\middleware\admin\AdminAuthTokenMiddleware->handle()
#31 /var/www/vendor/topthink/framework/src/think/Middleware.php(134): call_user_func()
#32 /var/www/vendor/topthink/framework/src/think/Pipeline.php(85): think\Middleware->think\{closure}()
#33 /var/www/app/http/middleware/AllowOriginMiddleware.php(50): think\Pipeline->think\{closure}()
#34 [internal function]: app\http\middleware\AllowOriginMiddleware->handle()
#35 /var/www/vendor/topthink/framework/src/think/Middleware.php(134): call_user_func()
#36 /var/www/vendor/topthink/framework/src/think/Pipeline.php(85): think\Middleware->think\{closure}()
#37 /var/www/app/http/middleware/InstallMiddleware.php(32): think\Pipeline->think\{closure}()
#38 [internal function]: app\http\middleware\InstallMiddleware->handle()
#39 /var/www/vendor/topthink/framework/src/think/Middleware.php(134): call_user_func()
#40 /var/www/vendor/topthink/framework/src/think/Pipeline.php(85): think\Middleware->think\{closure}()
#41 /var/www/vendor/topthink/framework/src/think/Pipeline.php(66): think\Pipeline->think\{closure}()
#42 /var/www/vendor/topthink/framework/src/think/Route.php(756): think\Pipeline->then()
#43 /var/www/vendor/topthink/framework/src/think/Http.php(208): think\Route->dispatch()
#44 /var/www/vendor/topthink/framework/src/think/Http.php(198): think\Http->dispatchToRoute()
#45 /var/www/vendor/topthink/framework/src/think/Pipeline.php(59): think\Http->think\{closure}()
#46 /var/www/vendor/topthink/framework/src/think/middleware/LoadLangPack.php(53): think\Pipeline->think\{closure}()
#47 [internal function]: think\middleware\LoadLangPack->handle()
#48 /var/www/vendor/topthink/framework/src/think/Middleware.php(134): call_user_func()
#49 /var/www/vendor/topthink/framework/src/think/Pipeline.php(85): think\Middleware->think\{closure}()
#50 /var/www/vendor/topthink/framework/src/think/middleware/SessionInit.php(58): think\Pipeline->think\{closure}()
#51 [internal function]: think\middleware\SessionInit->handle()
#52 /var/www/vendor/topthink/framework/src/think/Middleware.php(134): call_user_func()
#53 /var/www/vendor/topthink/framework/src/think/Pipeline.php(85): think\Middleware->think\{closure}()
#54 /var/www/crmeb/topthink/TraceDebug.php(43): think\Pipeline->think\{closure}()
#55 [internal function]: crmeb\topthink\TraceDebug->handle()
#56 /var/www/vendor/topthink/framework/src/think/Middleware.php(134): call_user_func()
#57 /var/www/vendor/topthink/framework/src/think/Pipeline.php(85): think\Middleware->think\{closure}()
#58 /var/www/vendor/topthink/framework/src/think/Pipeline.php(66): think\Pipeline->think\{closure}()
#59 /var/www/vendor/topthink/framework/src/think/Http.php(199): think\Pipeline->then()
#60 /var/www/vendor/topthink/framework/src/think/Http.php(162): think\Http->runWithRequest()
#61 /var/www/vendor/topthink/think-swoole/src/concerns/InteractsWithHttp.php(143): think\Http->run()
#62 /var/www/vendor/topthink/think-swoole/src/concerns/InteractsWithHttp.php(125): think\swoole\Manager->handleRequest()
#63 /var/www/vendor/topthink/framework/src/think/Container.php(295): think\swoole\Manager->think\swoole\concerns\{closure}()
#64 /var/www/vendor/topthink/framework/src/think/Container.php(359): think\Container->invokeFunction()
#65 /var/www/vendor/topthink/think-swoole/src/Sandbox.php(87): think\Container->invoke()
#66 /var/www/vendor/topthink/think-swoole/src/concerns/WithApplication.php(84): think\swoole\Sandbox->run()
#67 /var/www/vendor/topthink/think-swoole/src/concerns/InteractsWithHttp.php(134): think\swoole\Manager->runInSandbox()
#68 {main}
[2026-02-04T13:47:36+08:00][info] 订单创建-购物车商品信息: {"product_id":14,"product_type":2,"relation_id":2,"settle_price":"0.02","cart_num":1}
[2026-02-04T13:47:36+08:00][info] 订单创建-计算结算价: {"supplier_id":2,"attr_settle_price":"0.02","item_settle_price":"0.02","total_settle_price":"0.02"}
[2026-02-04T13:47:36+08:00][info] 订单创建-供应商详细信息: [{"id":2,"name":"\u4e0a\u6d77\u8fbe\u8fbe123\u516c\u53f8","amount":"0.02"}]
[2026-02-04T13:47:36+08:00][info] 订单创建-最终结算价: supplier_id=2, settle_price=0.02, 供应商数量=1
[2026-02-04T13:47:42+08:00][info] 组合支付重试: 检测到之前的支付记录，准备清理
[2026-02-04T13:47:42+08:00][info] 之前记录 - 在线支付: 0, 福利金: 0, 余额: 0, pay_type: combination
[2026-02-04T13:47:42+08:00][info] 组合支付重试: 已清理之前的支付金额记录和pay_type
[2026-02-04T13:47:42+08:00][info] 支付方式判断: 福利金=0.01, 余额=0, 在线=0.02, 支付方式数量=2, 是否组合支付=是
[2026-02-04T13:47:42+08:00][info] 组合支付: 记录福利金支付金额 0.01 元，订单号: wx750351155460046848
[2026-02-04T13:47:42+08:00][info] 组合支付: 订单支付明细已记录，等待在线支付确认，订单号: wx750351155460046848
[2026-02-04T13:47:42+08:00][info] 生成支付单号: wx750351155460046848_1 (业务订单号: wx750351155460046848, 支付次数: 1)
[2026-02-04T13:47:42+08:00][info] 订单 wx750351155460046848 为多供应商订单，供应商数量: 1
[2026-02-04T13:47:42+08:00][info] 订单 wx750351155460046848 添加供应商分账: 上海达达123公司(ID:2), 金额=0.02元
[2026-02-04T13:47:42+08:00][info] 订单 wx750351155460046848 构建分账数据成功: 分账子订单数=1
[2026-02-04T13:47:42+08:00][info] === 银联商务支付初始化 ===
[2026-02-04T13:47:42+08:00][info] 支付类型: mini
[2026-02-04T13:47:42+08:00][info] AppId: 8a81c1bd96cf23aa019b078242721f2a
[2026-02-04T13:47:42+08:00][info] 商户号: 898310100010854
[2026-02-04T13:47:42+08:00][info] 终端号: 41AUZ7C6
[2026-02-04T13:47:42+08:00][info] API地址: https://api-mop.chinaums.com
[2026-02-04T13:47:42+08:00][info] 环境: 生产
[2026-02-04T13:47:42+08:00][info] === 银联小程序支付 ===
[2026-02-04T13:47:42+08:00][info] site_url配置: https://test.wx.sunnycloudtop.com
[2026-02-04T13:47:42+08:00][info] request domain: http://test.wx.sunnycloudtop.com
[2026-02-04T13:47:42+08:00][info] 最终使用: https://test.wx.sunnycloudtop.com
[2026-02-04T13:47:42+08:00][info] 完整通知URL: https://test.wx.sunnycloudtop.com/api/pay/ums/notify
[2026-02-04T13:47:42+08:00][info] 订单需要分账: {"divisionFlag":true,"asynDivisionFlag":true,"platformAmount":0,"subOrders":[{"mid":"898310100011808","merOrderId":"SUB_wx750351155460046848_1_2","totalAmount":"2"}]}
[2026-02-04T13:47:42+08:00][info] === 银联小程序支付下单 ===
[2026-02-04T13:47:42+08:00][info] 原始订单号: wx750351155460046848_1
[2026-02-04T13:47:42+08:00][info] 金额: 0.02元
[2026-02-04T13:47:42+08:00][info] OpenID: ofxai7SpEkwo7L9Ugo0JTEterfZA
[2026-02-04T13:47:42+08:00][info] 通知URL: https://test.wx.sunnycloudtop.com/api/pay/ums/notify
[2026-02-04T13:47:42+08:00][info] 分账数据: {"divisionFlag":true,"asynDivisionFlag":true,"platformAmount":0,"subOrders":[{"mid":"898310100011808","merOrderId":"SUB_wx750351155460046848_1_2","totalAmount":"2"}]}
[2026-02-04T13:47:42+08:00][info] 金额(分): 2
[2026-02-04T13:47:42+08:00][info] 银联订单号: 3HD3wx750351155460046848_1
[2026-02-04T13:47:42+08:00][info] 分账子订单: [{"mid":"898310100011808","merOrderId":"3HD3SUB_wx750351155460046848_1","totalAmount":"2"}]
[2026-02-04T13:47:42+08:00][info] 分账金额计算: 主订单=2分, 子订单总额=2分, 平台=0分
[2026-02-04T13:47:42+08:00][info] 小程序AppId: wxb5fc16b55f439205
[2026-02-04T13:47:42+08:00][info] 用户OpenId: ofxai7SpEkwo7L9Ugo0JTEterfZA
[2026-02-04T13:47:42+08:00][info] 注意: 如果是服务商模式,需要联系银联确认openid字段
[2026-02-04T13:47:42+08:00][info] 请求参数: {"requestTimestamp":"2026-02-04 13:47:42","merOrderId":"3HD3wx750351155460046848_1","mid":"898310100010854","tid":"41AUZ7C6","totalAmount":"2","tradeType":"MINI","orderDesc":"儿童水枪","notifyUrl":"https:\/\/test.wx.sunnycloudtop.com\/api\/pay\/ums\/notify","divisionFlag":true,"subOrders":[{"mid":"898310100011808","merOrderId":"3HD3SUB_wx750351155460046848_1","totalAmount":"2"}],"platformAmount":0,"subAppId":"wxb5fc16b55f439205","subOpenId":"ofxai7SpEkwo7L9Ugo0JTEterfZA","openid":"ofxai7SpEkwo7L9Ugo0JTEterfZA"}
[2026-02-04T13:47:42+08:00][info] 报文体: {"requestTimestamp":"2026-02-04 13:47:42","merOrderId":"3HD3wx750351155460046848_1","mid":"898310100010854","tid":"41AUZ7C6","totalAmount":"2","tradeType":"MINI","orderDesc":"\u513f\u7ae5\u6c34\u67aa","notifyUrl":"https:\/\/test.wx.sunnycloudtop.com\/api\/pay\/ums\/notify","divisionFlag":true,"subOrders":[{"mid":"898310100011808","merOrderId":"3HD3SUB_wx750351155460046848_1","totalAmount":"2"}],"platformAmount":0,"subAppId":"wxb5fc16b55f439205","subOpenId":"ofxai7SpEkwo7L9Ugo0JTEterfZA","openid":"ofxai7SpEkwo7L9Ugo0JTEterfZA"}
[2026-02-04T13:47:42+08:00][info] 报文体SHA256: 26af000958a5107ce96b9619725ed6512f66d115fbe23ffa036a13ebe5281ae3
[2026-02-04T13:47:42+08:00][info] 签名原串: 8a81c1bd96cf23aa019b078242721f2a20260204134742ad208c533ec5080d8f95e05bdac8cc1c26af000958a5107ce96b9619725ed6512f66d115fbe23ffa036a13ebe5281ae3
[2026-02-04T13:47:42+08:00][info] 签名结果: 2e9vo8ddjZ3i3Mm78bh2Blz31ztnDvnOoEy33jXyPDc=
[2026-02-04T13:47:42+08:00][info] Authorization: OPEN-BODY-SIG AppId="8a81c1bd96cf23aa019b078242721f2a",Timestamp="20260204134742",Nonce="ad208c533ec5080d8f95e05bdac8cc1c",Signature="2e9vo8ddjZ3i3Mm78bh2Blz31ztnDvnOoEy33jXyPDc="
[2026-02-04T13:47:43+08:00][info] 响应数据: {"connectSys":"UNIONPAY","delegatedFlag":"N","merName":"香溢乐享优选","mid":"898310100010854","settleRefId":"56689060040N","tid":"41AUZ7C6","totalAmount":2,"targetMid":"842088674","responseTimestamp":"2026-02-04 13:47:43","errCode":"SUCCESS","miniPayRequest":{"timeStamp":"1770184063","package":"prepay_id=wx0413474345871920f1539150c553990001","paySign":"RlrFqmEc60Nhw1WYSRxw3rW45gz53ohRs1ObWzI0xdw5hHHQsUYIJlgHmcrZrrtMACFxZx98wjgrpYgJ3dm2HDlOe7n9Bda5wWjl6ZVE3Lonz56y+YI+AAgW6lvUcMQfCWbHagPy4tPmb70OJAkqKzHVeGTpvOxEocGVJ8ydy\/Pi5Fj\/V07UzaLUs2eXrYuTvEFy\/loLPpIGARbBYJLmEGtvSoC42qUJ5+F3Fi8A\/\/noL1+6xivclyQxQmMbMSf1pBXjsBRWQ75Ti2Y4be8RABm2Mc9CfpivPSGvMvBC31SD8oV28c+UYVt76zgVNZDbEbPQTMqn+ORI9DrxVH9DIA==","appId":"wxb5fc16b55f439205","signType":"RSA","nonceStr":"19ff2d2e65f5455aaab2d9afd4b71505"},"targetStatus":"SUCCESS|SUCCESS","seqId":"56689060040N","merOrderId":"3HD3wx750351155460046848_1","status":"WAIT_BUYER_PAY","targetSys":"WXPay"}
[2026-02-04T13:47:55+08:00][info] === 银联商务支付回调 ===
[2026-02-04T13:47:55+08:00][info] 回调数据: {"msgType":"wx.notify","payTime":"2026-02-04 13:47:55","buyerCashPayAmt":"2","connectSys":"UNIONPAY","sign":"6F1F981FC7318E46489F7A76DBE3365CF847A97C132A4ACA68777ABC074D9D08","merName":"香溢乐享优选","mid":"898310100010854","invoiceAmount":"2","settleDate":"2026-02-04","billFunds":"现金:2","buyerId":"otdJ_uNR6GRFVnlDOVtnk9nZF5yg","mchntUuid":"92041d5a554c4ea09ff03b9204db78fb","tid":"41AUZ7C6","instMid":"MINIDEFAULT","receiptAmount":"2","couponAmount":"0","cardAttr":"DEBIT_CARD","targetOrderId":"4200003051202602047342240033","signType":"SHA256","billFundsDesc":"现金支付0.02元。","subBuyerId":"ofxai7SpEkwo7L9Ugo0JTEterfZA","orderDesc":"儿童水枪","seqId":"56689060040N","merOrderId":"3HD3wx750351155460046848_1","targetSys":"WXPay","bankInfo":"招商银行(借记卡)","Ye":"XwkO","totalAmount":"2","createTime":"2026-02-04 13:47:42","buyerPayAmount":"2","notifyId":"65e0791a-7767-440a-a4b1-36db5a74df1f","subInst":"104200","status":"TRADE_SUCCESS"}
[2026-02-04T13:47:55+08:00][info] 回调Header: {"connection":"upgrade","host":"test.wx.sunnycloudtop.com","x-real-ip":"180.169.109.227","x-forwarded-for":"180.169.109.227","remote-host":"180.169.109.227","content-length":"1002","content-type":"application\/x-www-form-urlencoded;charset=utf-8","accept":"*\/*","user-agent":"AHC\/2.1"}
[2026-02-04T13:47:55+08:00][info] === 银联商务支付初始化 ===
[2026-02-04T13:47:55+08:00][info] 支付类型: mini
[2026-02-04T13:47:55+08:00][info] AppId: 8a81c1bd96cf23aa019b078242721f2a
[2026-02-04T13:47:55+08:00][info] 商户号: 898310100010854
[2026-02-04T13:47:55+08:00][info] 终端号: 41AUZ7C6
[2026-02-04T13:47:55+08:00][info] API地址: https://api-mop.chinaums.com
[2026-02-04T13:47:55+08:00][info] 环境: 生产
[2026-02-04T13:47:55+08:00][info] === 银联支付回调处理 ===
[2026-02-04T13:47:55+08:00][info] 回调数据: {"msgType":"wx.notify","payTime":"2026-02-04 13:47:55","buyerCashPayAmt":"2","connectSys":"UNIONPAY","sign":"6F1F981FC7318E46489F7A76DBE3365CF847A97C132A4ACA68777ABC074D9D08","merName":"香溢乐享优选","mid":"898310100010854","invoiceAmount":"2","settleDate":"2026-02-04","billFunds":"现金:2","buyerId":"otdJ_uNR6GRFVnlDOVtnk9nZF5yg","mchntUuid":"92041d5a554c4ea09ff03b9204db78fb","tid":"41AUZ7C6","instMid":"MINIDEFAULT","receiptAmount":"2","couponAmount":"0","cardAttr":"DEBIT_CARD","targetOrderId":"4200003051202602047342240033","signType":"SHA256","billFundsDesc":"现金支付0.02元。","subBuyerId":"ofxai7SpEkwo7L9Ugo0JTEterfZA","orderDesc":"儿童水枪","seqId":"56689060040N","merOrderId":"3HD3wx750351155460046848_1","targetSys":"WXPay","bankInfo":"招商银行(借记卡)","Ye":"XwkO","totalAmount":"2","createTime":"2026-02-04 13:47:42","buyerPayAmount":"2","notifyId":"65e0791a-7767-440a-a4b1-36db5a74df1f","subInst":"104200","status":"TRADE_SUCCESS"}
[2026-02-04T13:47:55+08:00][info] 签名类型: SHA256
[2026-02-04T13:47:55+08:00][info] 原始签名: 6F1F981FC7318E46489F7A76DBE3365CF847A97C132A4ACA68777ABC074D9D08
[2026-02-04T13:47:55+08:00][info] 待签名字符串: Ye=XwkO&bankInfo=招商银行(借记卡)&billFunds=现金:2&billFundsDesc=现金支付0.02元。&buyerCashPayAmt=2&buyerId=otdJ_uNR6GRFVnlDOVtnk9nZF5yg&buyerPayAmount=2&cardAttr=DEBIT_CARD&connectSys=UNIONPAY&couponAmount=0&createTime=2026-02-04 13:47:42&instMid=MINIDEFAULT&invoiceAmount=2&mchntUuid=92041d5a554c4ea09ff03b9204db78fb&merName=香溢乐享优选&merOrderId=3HD3wx750351155460046848_1&mid=898310100010854&msgType=wx.notify&notifyId=65e0791a-7767-440a-a4b1-36db5a74df1f&orderDesc=儿童水枪&payTime=2026-02-04 13:47:55&receiptAmount=2&seqId=56689060040N&settleDate=2026-02-04&signType=SHA256&status=TRADE_SUCCESS&subBuyerId=ofxai7SpEkwo7L9Ugo0JTEterfZA&subInst=104200&targetOrderId=4200003051202602047342240033&targetSys=WXPay&tid=41AUZ7C6&totalAmount=2bW3kxKW4dQmzYaNzj4DZS84H2fe6rzYfMY6TSXbSQ2y7WQYn
[2026-02-04T13:47:55+08:00][info] 计算签名: 6F1F981FC7318E46489F7A76DBE3365CF847A97C132A4ACA68777ABC074D9D08
[2026-02-04T13:47:55+08:00][info] 签名验证成功
[2026-02-04T13:47:55+08:00][info] UMS notify uses targetOrderId as trade_no: 4200003051202602047342240033
[2026-02-04T13:47:55+08:00][info] 银联支付回调: 支付单号=3HD3wx750351155460046848_1, 业务订单号=3HD3wx750351155460046848, 支付系统=WXPay, 支付渠道=
[2026-02-04T13:47:55+08:00][info] === PaySuccessListener 处理支付成功事件 ===
[2026-02-04T13:47:55+08:00][info] 事件数据: {"order_id":"3HD3wx750351155460046848","pay_order_id":"3HD3wx750351155460046848_1","trade_no":"4200003051202602047342240033","pay_type":"ums","target_sys":"WXPay","pay_channel":"","pay_time":1770184075,"notify_id":"65e0791a-7767-440a-a4b1-36db5a74df1f"}
[2026-02-04T13:47:55+08:00][info] 实际支付单号: 3HD3wx750351155460046848_1
[2026-02-04T13:47:55+08:00][info] 调用 paySuccess 方法: order_id=wx750351155460046848, pay_type=ums, trade_no=4200003051202602047342240033, pay_channel=
[2026-02-04T13:47:55+08:00][info] === 组合支付回调：确认扣款 ===
[2026-02-04T13:47:55+08:00][info] 订单号: wx750351155460046848
[2026-02-04T13:47:55+08:00][info] === 确认组合支付，开始扣款 ===
[2026-02-04T13:47:55+08:00][info] 订单号: wx750351155460046848
[2026-02-04T13:47:55+08:00][info] 福利金: 0.01 元
[2026-02-04T13:47:55+08:00][info] 余额: 0 元
[2026-02-04T13:47:55+08:00][info] 福利金扣款成功: 0.01 元
[2026-02-04T13:47:55+08:00][info] 组合支付确认成功，福利金和余额已扣款，订单已标记为已支付
[2026-02-04T13:47:55+08:00][info] 组合支付: 等待支付回调统一触发支付成功事件
[2026-02-04T13:47:55+08:00][info] 组合支付扣款确认成功
[2026-02-04T13:47:55+08:00][info] 组合支付订单,保持 pay_type = combination,支付渠道: ums, 支付系统: 未知
[2026-02-04T13:47:55+08:00][info] 记录实际支付单号: 3HD3wx750351155460046848_1
[2026-02-04T13:47:55+08:00][info] 组合支付确认流程,保持 pay_type = combination
[2026-02-04T13:47:55+08:00][info] 订单支付方式统计: 订单=wx750351155460046848, 在线=0.02, 福利金=0.01, 余额=0, 支付方式数=2, 是否组合=1
[2026-02-04T13:47:55+08:00][info] === 组合支付分账计算 ===
[2026-02-04T13:47:55+08:00][info] 订单号: wx750351155460046848
[2026-02-04T13:47:55+08:00][info] 订单总金额: 0.03
[2026-02-04T13:47:55+08:00][info] 供应商应得总额: 0.02
[2026-02-04T13:47:55+08:00][info] 分成比例: 0.6666
[2026-02-04T13:47:55+08:00][info] 在线支付: 0.02
[2026-02-04T13:47:55+08:00][info] 福利金支付: 0.01
[2026-02-04T13:47:55+08:00][info] 余额支付: 0
[2026-02-04T13:47:55+08:00][info] 订单 wx750351155460046848 已存在分账记录数: 0
[2026-02-04T13:47:55+08:00][info] 在线支付应分账(分): 1, 转回(元): 0.01
[2026-02-04T13:47:55+08:00][info] 剩余应分账: 0.01
[2026-02-04T13:47:55+08:00][info] 在线支付应分账: 0.01
[2026-02-04T13:47:55+08:00][info] 福利金应分账: 0.01
[2026-02-04T13:47:55+08:00][info] 余额应分账: 0.00
[2026-02-04T13:47:55+08:00][info] 分账总额: 0.02
[2026-02-04T13:47:55+08:00][info] 未发现重复记录，继续创建: order_no=wx750351155460046848, division_type=online
[2026-02-04T13:47:55+08:00][info] 创建在线支付分账记录: 订单=wx750351155460046848, 供应商实收=0.01, 平台实收=0.01, 状态=pending
[2026-02-04T13:47:55+08:00][info] 未发现重复记录，继续创建: order_no=wx750351155460046848, division_type=subsidy
[2026-02-04T13:47:55+08:00][info] 创建福利金分账记录: 订单=wx750351155460046848, 供应商实收=0.01, 平台实收=0.00
[2026-02-04T13:47:55+08:00][info] 开始创建供应商流水: 订单号=wx750351155460046848, 支付类型=combination, 福利金=0.01, 余额=0.00, 在线=0.02
[2026-02-04T13:47:55+08:00][info] 组合支付流水创建检查: order_id=wx750351155460046848, payment_count=2, existing_types=[], missing_types=["welfare","online"]
[2026-02-04T13:47:55+08:00][info] 订单缺失部分支付方式的供应商流水,继续创建: order_id=wx750351155460046848, missing_types=["welfare","online"]
[2026-02-04T13:47:55+08:00][info] 开始创建组合支付供应商流水: order_id=wx750351155460046848, missing_pay_types=["welfare","online"]
[2026-02-04T13:47:55+08:00][info] 检测到分账记录，切换到镜像生成模式: order_id=wx750351155460046848
[2026-02-04T13:47:55+08:00][info] 镜像生成组合支付流水成功: order_id=wx750351155460046848, pay_type=weixin, amount=0.01
[2026-02-04T13:47:55+08:00][info] 镜像生成组合支付流水成功: order_id=wx750351155460046848, pay_type=welfare, amount=0.01
[2026-02-04T13:47:55+08:00][info] 供应商流水创建结束: 订单号=wx750351155460046848
[2026-02-04T13:47:55+08:00][info] 支付成功处理完成: wx750351155460046848
[2026-02-04T13:47:55+08:00][info] 银联商务支付成功: 业务订单号=3HD3wx750351155460046848, 支付单号=3HD3wx750351155460046848_1, 流水号=4200003051202602047342240033, 通知ID=65e0791a-7767-440a-a4b1-36db5a74df1f, 支付系统=WXPay, 支付渠道=
[2026-02-04T13:47:57+08:00][info] ShareOrderJob-更新订单供应商信息: order_id=280, supplier_id=2, settle_price=0.02
[2026-02-04T13:47:57+08:00][info] 子订单支付方式统计: 订单=wx750351155460046848, 在线=0.02, 福利金=0.01, 余额=0, 支付方式数=2, 是否组合=1
[2026-02-04T13:47:57+08:00][info] === 子订单组合支付分账计算 ===
[2026-02-04T13:47:57+08:00][info] 订单号: wx750351155460046848
[2026-02-04T13:47:57+08:00][info] 供应商本单应得总额: 0.02
[2026-02-04T13:47:57+08:00][info] 分账比例: 0.6666
[2026-02-04T13:47:57+08:00][info] 在线支付应分账(分): 1, 转回(元): 0.01
[2026-02-04T13:47:57+08:00][info] 剩余补贴金额: 0.01
[2026-02-04T13:47:57+08:00][info] 计算结果 - 在线应分账: 0.01, 福利金: 0.01, 余额: 0.00
[2026-02-04T13:47:57+08:00][info] 创建子订单在线支付分账记录: 订单=wx750351155460046848, 供应商实收=0.01, 平台实收=0.01, 状态=pending
[2026-02-04T13:47:57+08:00][info] 创建子订单福利金分账记录: 订单=wx750351155460046848, 供应商实收=0.01, 平台实收=0.00
[2026-02-04T13:47:57+08:00][info] 组合支付流水创建检查: order_id=wx750351155460046848, payment_count=2, existing_types=["weixin","welfare"], missing_types=[]
[2026-02-04T13:47:57+08:00][info] 订单所有支付方式的供应商流水已存在,跳过创建: order_id=wx750351155460046848, existing_types=["weixin","welfare"]
[2026-02-04T13:47:57+08:00][info] 子订单供应商流水创建成功: 订单号=wx750351155460046848
[2026-02-04T13:47:57+08:00][info] 记录支付资金流水: 订单=wx750351155460046848, 支付方式=combination, 支付金额=0.03
[2026-02-04T13:47:57+08:00][info] 开始批量处理自动标签:array (
  'user_ids' => 4,
  'trigger_type' => '',
  'label_ids' => 
  array (
  ),
)
[2026-02-04T13:47:57+08:00][info] 开始批量处理自动标签2:array (
  'user_count' => 1,
  'trigger_type' => '',
  'label_ids' => 
  array (
  ),
)
[2026-02-04T13:47:57+08:00][info] 开始批量处理自动标签:array (
  'user_count' => 1,
  'trigger_type' => '',
  'label_ids' => 
  array (
  ),
)
[2026-02-04T13:47:57+08:00][info] 没有找到自动标签:array (
  'label_ids' => 
  array (
  ),
)
[2026-02-04T13:48:10+08:00][info] 整单退款状态判断: order_id=280, pay_price=0.03, total_refund=0.03, refund_status=1
[2026-02-04T13:48:10+08:00][info] 开始处理退款: {"order_id":280,"order_no":"wx750351155460046848","pay_type":"combination","pay_price":"0.03","online_pay_price":"0.02","balance_pay_price":"0.00","welfare_pay_price":"0.01","pay_type_detail":"{\"welfare\":0.01,\"online_pay_type\":\"ums\"}","refund_price":"0.03"}
[2026-02-04T13:48:10+08:00][info] 检测到组合支付订单,进入组合支付退款流程, pay_type: combination
[2026-02-04T13:48:10+08:00][info] 退款比例: 1.0000
[2026-02-04T13:48:10+08:00][info] 福利金按比例计算: 0.01 元
[2026-02-04T13:48:10+08:00][info] 在线支付按比例计算: 0.02 元
[2026-02-04T13:48:10+08:00][info] 计算总和: 0.03 元
[2026-02-04T13:48:10+08:00][info] 差额: 0.00 元
[2026-02-04T13:48:10+08:00][info] 补偿后总额: 0.03 元, 应退款: 0.03 元
[2026-02-04T13:48:10+08:00][info] 开始处理在线支付退款,金额: 0.02 元
[2026-02-04T13:48:10+08:00][info] 进入 handleOnlinePayRefund 方法: {"pay_type":"combination","online_pay_price":"0.02","pay_type_detail":"{\"welfare\":0.01,\"online_pay_type\":\"ums\"}"}
[2026-02-04T13:48:10+08:00][info] 使用已计算好的在线支付退款金额(含差额补偿): 0.02
[2026-02-04T13:48:10+08:00][info] 最终在线支付退款金额: 0.02
[2026-02-04T13:48:10+08:00][info] 开始判断在线支付方式...
[2026-02-04T13:48:10+08:00][info] 订单是组合支付,尝试从 pay_type_detail 获取 online_pay_type
[2026-02-04T13:48:10+08:00][info] 解析后的 pay_type_detail: {"welfare":0.01,"online_pay_type":"ums"}
[2026-02-04T13:48:10+08:00][info] 从 pay_type_detail 中获取到 online_pay_type: ums
[2026-02-04T13:48:10+08:00][info] 最终确定的支付方式 payType: ums
[2026-02-04T13:48:10+08:00][info] 进入 switch 语句,payType: ums
[2026-02-04T13:48:10+08:00][info] 匹配到银联支付退款 case (组合支付), payType: ums
[2026-02-04T13:48:10+08:00][info] 退款使用配置类型(组合支付): mini
[2026-02-04T13:48:10+08:00][info] 订单 wx750351155460046848 已退款总金额: 0 元
[2026-02-04T13:48:10+08:00][info] 订单 wx750351155460046848 供应商在线支付已收金额: 0.01 元
[2026-02-04T13:48:10+08:00][info] 订单 wx750351155460046848 供应商已退金额: 0 元
[2026-02-04T13:48:10+08:00][info] 订单 wx750351155460046848 供应商剩余可退金额: 0.01 元
[2026-02-04T13:48:10+08:00][info] 订单 wx750351155460046848 添加平台分账退款: 平台退款金额=0.01元, 平台子订单号=3HD3PLAT_wx750351155460046848_1
[2026-02-04T13:48:10+08:00][info] 订单 wx750351155460046848 构建分账退款数据成功: 供应商=上海达达123公司, 供应商退款=0.01元, 分账退款子订单数=2
[2026-02-04T13:48:10+08:00][info] 银联退款参数(组合支付) - 业务订单号: wx750351155460046848, 实际支付单号: 3HD3wx750351155460046848_1, 退款单号: wx750351155460046848955, 订单总金额: 0.03, 退款金额: 0.02, instMid: 
[2026-02-04T13:48:10+08:00][info] 分账退款数据(组合支付): {"platformAmount":0,"subOrders":[{"mid":"898310100011808","merOrderId":"3HD3SUB_wx750351155460046848_1","totalAmount":"1"},{"mid":"898310100011808","merOrderId":"3HD3PLAT_wx750351155460046848_1","totalAmount":"1"}]}
[2026-02-04T13:48:10+08:00][info] === 银联商务支付初始化 ===
[2026-02-04T13:48:10+08:00][info] 支付类型: mini
[2026-02-04T13:48:10+08:00][info] AppId: 8a81c1bd96cf23aa019b078242721f2a
[2026-02-04T13:48:10+08:00][info] 商户号: 898310100010854
[2026-02-04T13:48:10+08:00][info] 终端号: 41AUZ7C6
[2026-02-04T13:48:10+08:00][info] API地址: https://api-mop.chinaums.com
[2026-02-04T13:48:10+08:00][info] 环境: 生产
[2026-02-04T13:48:10+08:00][info] === 银联退款 ===
[2026-02-04T13:48:10+08:00][info] 原订单号: 3HD3wx750351155460046848_1
[2026-02-04T13:48:10+08:00][info] 退款订单号: wx750351155460046848955
[2026-02-04T13:48:10+08:00][info] 订单总金额: 0.03元
[2026-02-04T13:48:10+08:00][info] 退款金额: 0.02元
[2026-02-04T13:48:10+08:00][info] 分账退款数据: {"platformAmount":0,"subOrders":[{"mid":"898310100011808","merOrderId":"3HD3SUB_wx750351155460046848_1","totalAmount":"1"},{"mid":"898310100011808","merOrderId":"3HD3PLAT_wx750351155460046848_1","totalAmount":"1"}]}
[2026-02-04T13:48:10+08:00][info] 银联订单号: 3HD3wx750351155460046848_1
[2026-02-04T13:48:10+08:00][info] 银联退款订单号: 3HD3wx750351155460046848955
[2026-02-04T13:48:10+08:00][info] 订单总金额(分): 3
[2026-02-04T13:48:10+08:00][info] 退款金额(分): 2
[2026-02-04T13:48:10+08:00][info] 分账退款子订单: [{"mid":"898310100011808","merOrderId":"3HD3SUB_wx750351155460046848_1","totalAmount":"1"},{"mid":"898310100011808","merOrderId":"3HD3PLAT_wx750351155460046848_1","totalAmount":"1"}]
[2026-02-04T13:48:10+08:00][info] 请求参数: {"requestTimestamp":"2026-02-04 13:48:10","mid":"898310100010854","tid":"41AUZ7C6","merOrderId":"3HD3wx750351155460046848_1","refundOrderId":"3HD3wx750351155460046848955","refundAmount":"2","totalAmount":"3","orderDesc":"订单退款","platformAmount":0,"subOrders":[{"mid":"898310100011808","merOrderId":"3HD3SUB_wx750351155460046848_1","totalAmount":"1"},{"mid":"898310100011808","merOrderId":"3HD3PLAT_wx750351155460046848_1","totalAmount":"1"}]}
[2026-02-04T13:48:10+08:00][info] 报文体: {"requestTimestamp":"2026-02-04 13:48:10","mid":"898310100010854","tid":"41AUZ7C6","merOrderId":"3HD3wx750351155460046848_1","refundOrderId":"3HD3wx750351155460046848955","refundAmount":"2","totalAmount":"3","orderDesc":"\u8ba2\u5355\u9000\u6b3e","platformAmount":0,"subOrders":[{"mid":"898310100011808","merOrderId":"3HD3SUB_wx750351155460046848_1","totalAmount":"1"},{"mid":"898310100011808","merOrderId":"3HD3PLAT_wx750351155460046848_1","totalAmount":"1"}]}
[2026-02-04T13:48:10+08:00][info] 报文体SHA256: 88118e6764a69cb9d4b15ced9094eecb0bdc5060b4f4baa04342dfa6561d5e65
[2026-02-04T13:48:10+08:00][info] 签名原串: 8a81c1bd96cf23aa019b078242721f2a2026020413481081acdbbcee3b1b01f009619ee4b5fc0788118e6764a69cb9d4b15ced9094eecb0bdc5060b4f4baa04342dfa6561d5e65
[2026-02-04T13:48:10+08:00][info] 签名结果: Jw2ymYEL2x2pCTHzfGXgfs4xzFE4Iy4bjU8MVtAgbJ4=
[2026-02-04T13:48:10+08:00][info] Authorization: OPEN-BODY-SIG AppId="8a81c1bd96cf23aa019b078242721f2a",Timestamp="20260204134810",Nonce="81acdbbcee3b1b01f009619ee4b5fc07",Signature="Jw2ymYEL2x2pCTHzfGXgfs4xzFE4Iy4bjU8MVtAgbJ4="
[2026-02-04T13:48:10+08:00][info] 响应数据: {"responseTimestamp":"2026-02-04 13:48:10","errCode":"BAD_REQUEST","errMsg":"子商户898310100011808子订单3HD3PLAT_wx750351155460046848_1不存在"}
[2026-02-04T13:48:10+08:00][info] 银联退款调用失败(组合支付): 退款失败: 子商户898310100011808子订单3HD3PLAT_wx750351155460046848_1不存在
[2026-02-04T13:48:10+08:00][info] 异常堆栈: #0 /var/www/app/services/order/StoreOrderRefundServices.php(2005): crmeb\services\UmsPayService->refund()
#1 /var/www/app/services/order/StoreOrderRefundServices.php(869): app\services\order\StoreOrderRefundServices->handleOnlinePayRefund()
#2 /var/www/vendor/topthink/think-orm/src/db/PDOConnection.php(1521): app\services\order\StoreOrderRefundServices->app\services\order\{closure}()
#3 /var/www/vendor/topthink/think-swoole/src/pool/Proxy.php(83): think\db\PDOConnection->transaction()
#4 /var/www/vendor/topthink/think-swoole/src/pool/proxy/Connection.php(188): think\swoole\pool\Proxy->__call()
#5 [internal function]: think\swoole\pool\proxy\Connection->transaction()
#6 /var/www/vendor/topthink/think-orm/src/DbManager.php(409): call_user_func_array()
#7 [internal function]: think\DbManager->__call()
#8 /var/www/vendor/topthink/framework/src/think/Facade.php(97): call_user_func_array()
#9 /var/www/app/services/BaseServices.php(56): think\Facade::__callStatic()
#10 /var/www/app/services/order/StoreOrderRefundServices.php(1028): app\services\BaseServices->transaction()
#11 /var/www/app/common/controller/Order.php(957): app\services\order\StoreOrderRefundServices->agreeRefund()
#12 [internal function]: app\controller\admin\v1\order\StoreOrder->open_order_refund()
#13 /var/www/vendor/topthink/framework/src/think/Container.php(345): ReflectionMethod->invokeArgs()
#14 /var/www/vendor/topthink/framework/src/think/route/dispatch/Controller.php(110): think\Container->invokeReflectMethod()
#15 /var/www/vendor/topthink/framework/src/think/Pipeline.php(59): think\route\dispatch\Controller->think\route\dispatch\{closure}()
#16 /var/www/vendor/topthink/framework/src/think/Pipeline.php(66): think\Pipeline->think\{closure}()
#17 /var/www/vendor/topthink/framework/src/think/route/dispatch/Controller.php(113): think\Pipeline->then()
#18 /var/www/vendor/topthink/framework/src/think/route/Dispatch.php(52): think\route\dispatch\Controller->exec()
#19 /var/www/vendor/topthink/framework/src/think/Route.php(755): think\route\Dispatch->run()
#20 /var/www/vendor/topthink/framework/src/think/Pipeline.php(59): think\Route->think\{closure}()
#21 /var/www/app/http/middleware/admin/AdminLogMiddleware.php(40): think\Pipeline->think\{closure}()
#22 [internal function]: app\http\middleware\admin\AdminLogMiddleware->handle()
#23 /var/www/vendor/topthink/framework/src/think/Middleware.php(134): call_user_func()
#24 /var/www/vendor/topthink/framework/src/think/Pipeline.php(85): think\Middleware->think\{closure}()
#25 /var/www/app/http/middleware/admin/AdminCkeckRoleMiddleware.php(57): think\Pipeline->think\{closure}()
#26 [internal function]: app\http\middleware\admin\AdminCkeckRoleMiddleware->handle()
#27 /var/www/vendor/topthink/framework/src/think/Middleware.php(134): call_user_func()
#28 /var/www/vendor/topthink/framework/src/think/Pipeline.php(85): think\Middleware->think\{closure}()
#29 /var/www/app/http/middleware/admin/AdminAuthTokenMiddleware.php(39): think\Pipeline->think\{closure}()
#30 [internal function]: app\http\middleware\admin\AdminAuthTokenMiddleware->handle()
#31 /var/www/vendor/topthink/framework/src/think/Middleware.php(134): call_user_func()
#32 /var/www/vendor/topthink/framework/src/think/Pipeline.php(85): think\Middleware->think\{closure}()
#33 /var/www/app/http/middleware/AllowOriginMiddleware.php(50): think\Pipeline->think\{closure}()
#34 [internal function]: app\http\middleware\AllowOriginMiddleware->handle()
#35 /var/www/vendor/topthink/framework/src/think/Middleware.php(134): call_user_func()
#36 /var/www/vendor/topthink/framework/src/think/Pipeline.php(85): think\Middleware->think\{closure}()
#37 /var/www/app/http/middleware/InstallMiddleware.php(32): think\Pipeline->think\{closure}()
#38 [internal function]: app\http\middleware\InstallMiddleware->handle()
#39 /var/www/vendor/topthink/framework/src/think/Middleware.php(134): call_user_func()
#40 /var/www/vendor/topthink/framework/src/think/Pipeline.php(85): think\Middleware->think\{closure}()
#41 /var/www/vendor/topthink/framework/src/think/Pipeline.php(66): think\Pipeline->think\{closure}()
#42 /var/www/vendor/topthink/framework/src/think/Route.php(756): think\Pipeline->then()
#43 /var/www/vendor/topthink/framework/src/think/Http.php(208): think\Route->dispatch()
#44 /var/www/vendor/topthink/framework/src/think/Http.php(198): think\Http->dispatchToRoute()
#45 /var/www/vendor/topthink/framework/src/think/Pipeline.php(59): think\Http->think\{closure}()
#46 /var/www/vendor/topthink/framework/src/think/middleware/LoadLangPack.php(53): think\Pipeline->think\{closure}()
#47 [internal function]: think\middleware\LoadLangPack->handle()
#48 /var/www/vendor/topthink/framework/src/think/Middleware.php(134): call_user_func()
#49 /var/www/vendor/topthink/framework/src/think/Pipeline.php(85): think\Middleware->think\{closure}()
#50 /var/www/vendor/topthink/framework/src/think/middleware/SessionInit.php(58): think\Pipeline->think\{closure}()
#51 [internal function]: think\middleware\SessionInit->handle()
#52 /var/www/vendor/topthink/framework/src/think/Middleware.php(134): call_user_func()
#53 /var/www/vendor/topthink/framework/src/think/Pipeline.php(85): think\Middleware->think\{closure}()
#54 /var/www/crmeb/topthink/TraceDebug.php(43): think\Pipeline->think\{closure}()
#55 [internal function]: crmeb\topthink\TraceDebug->handle()
#56 /var/www/vendor/topthink/framework/src/think/Middleware.php(134): call_user_func()
#57 /var/www/vendor/topthink/framework/src/think/Pipeline.php(85): think\Middleware->think\{closure}()
#58 /var/www/vendor/topthink/framework/src/think/Pipeline.php(66): think\Pipeline->think\{closure}()
#59 /var/www/vendor/topthink/framework/src/think/Http.php(199): think\Pipeline->then()
#60 /var/www/vendor/topthink/framework/src/think/Http.php(162): think\Http->runWithRequest()
#61 /var/www/vendor/topthink/think-swoole/src/concerns/InteractsWithHttp.php(143): think\Http->run()
#62 /var/www/vendor/topthink/think-swoole/src/concerns/InteractsWithHttp.php(125): think\swoole\Manager->handleRequest()
#63 /var/www/vendor/topthink/framework/src/think/Container.php(295): think\swoole\Manager->think\swoole\concerns\{closure}()
#64 /var/www/vendor/topthink/framework/src/think/Container.php(359): think\Container->invokeFunction()
#65 /var/www/vendor/topthink/think-swoole/src/Sandbox.php(87): think\Container->invoke()
#66 /var/www/vendor/topthink/think-swoole/src/concerns/WithApplication.php(84): think\swoole\Sandbox->run()
#67 /var/www/vendor/topthink/think-swoole/src/concerns/InteractsWithHttp.php(134): think\swoole\Manager->runInSandbox()
#68 {main}
[2026-02-04T14:05:53+08:00][info] 整单退款状态判断: order_id=280, pay_price=0.03, total_refund=0.03, refund_status=1
[2026-02-04T14:05:53+08:00][info] 开始处理退款: {"order_id":280,"order_no":"wx750351155460046848","pay_type":"combination","pay_price":"0.03","online_pay_price":"0.02","balance_pay_price":"0.00","welfare_pay_price":"0.01","pay_type_detail":"{\"welfare\":0.01,\"online_pay_type\":\"ums\"}","refund_price":"0.03"}
[2026-02-04T14:05:53+08:00][info] 检测到组合支付订单,进入组合支付退款流程, pay_type: combination
[2026-02-04T14:05:53+08:00][info] 退款比例: 1.0000
[2026-02-04T14:05:53+08:00][info] 福利金按比例计算: 0.01 元
[2026-02-04T14:05:53+08:00][info] 在线支付按比例计算: 0.02 元
[2026-02-04T14:05:53+08:00][info] 计算总和: 0.03 元
[2026-02-04T14:05:53+08:00][info] 差额: 0.00 元
[2026-02-04T14:05:53+08:00][info] 补偿后总额: 0.03 元, 应退款: 0.03 元
[2026-02-04T14:05:53+08:00][info] 开始处理在线支付退款,金额: 0.02 元
[2026-02-04T14:05:53+08:00][info] 进入 handleOnlinePayRefund 方法: {"pay_type":"combination","online_pay_price":"0.02","pay_type_detail":"{\"welfare\":0.01,\"online_pay_type\":\"ums\"}"}
[2026-02-04T14:05:53+08:00][info] 使用已计算好的在线支付退款金额(含差额补偿): 0.02
[2026-02-04T14:05:53+08:00][info] 最终在线支付退款金额: 0.02
[2026-02-04T14:05:53+08:00][info] 开始判断在线支付方式...
[2026-02-04T14:05:53+08:00][info] 订单是组合支付,尝试从 pay_type_detail 获取 online_pay_type
[2026-02-04T14:05:53+08:00][info] 解析后的 pay_type_detail: {"welfare":0.01,"online_pay_type":"ums"}
[2026-02-04T14:05:53+08:00][info] 从 pay_type_detail 中获取到 online_pay_type: ums
[2026-02-04T14:05:53+08:00][info] 最终确定的支付方式 payType: ums
[2026-02-04T14:05:53+08:00][info] 进入 switch 语句,payType: ums
[2026-02-04T14:05:53+08:00][info] 匹配到银联支付退款 case (组合支付), payType: ums
[2026-02-04T14:05:53+08:00][info] 退款使用配置类型(组合支付): mini
[2026-02-04T14:05:53+08:00][info] 订单 wx750351155460046848 已退款总金额: 0 元
[2026-02-04T14:05:53+08:00][info] 订单 wx750351155460046848 供应商在线支付已收金额: 0.01 元
[2026-02-04T14:05:53+08:00][info] 订单 wx750351155460046848 供应商已退金额: 0 元
[2026-02-04T14:05:53+08:00][info] 订单 wx750351155460046848 供应商剩余可退金额: 0.01 元
[2026-02-04T14:05:53+08:00][info] 订单 wx750351155460046848 添加平台分账退款: 平台退款金额=0.01元, 平台子订单号=3HD3PLAT_wx750351155460046848_1
[2026-02-04T14:05:53+08:00][info] 订单 wx750351155460046848 构建分账退款数据成功: 供应商=上海达达123公司, 供应商退款=0.01元, 分账退款子订单数=2
[2026-02-04T14:05:53+08:00][info] 银联退款参数(组合支付) - 业务订单号: wx750351155460046848, 实际支付单号: 3HD3wx750351155460046848_1, 退款单号: wx750351155460046848866, 订单总金额: 0.03, 退款金额: 0.02, instMid: 
[2026-02-04T14:05:53+08:00][info] 分账退款数据(组合支付): {"platformAmount":0,"subOrders":[{"mid":"898310100011808","merOrderId":"3HD3SUB_wx750351155460046848_1","totalAmount":"1"},{"mid":"898310100011808","merOrderId":"3HD3PLAT_wx750351155460046848_1","totalAmount":"1"}]}
[2026-02-04T14:05:53+08:00][info] === 银联商务支付初始化 ===
[2026-02-04T14:05:53+08:00][info] 支付类型: mini
[2026-02-04T14:05:53+08:00][info] AppId: 8a81c1bd96cf23aa019b078242721f2a
[2026-02-04T14:05:53+08:00][info] 商户号: 898310100010854
[2026-02-04T14:05:53+08:00][info] 终端号: 41AUZ7C6
[2026-02-04T14:05:53+08:00][info] API地址: https://api-mop.chinaums.com
[2026-02-04T14:05:53+08:00][info] 环境: 生产
[2026-02-04T14:05:53+08:00][info] === 银联退款 ===
[2026-02-04T14:05:53+08:00][info] 原订单号: 3HD3wx750351155460046848_1
[2026-02-04T14:05:53+08:00][info] 退款订单号: wx750351155460046848866
[2026-02-04T14:05:53+08:00][info] 订单总金额: 0.03元
[2026-02-04T14:05:53+08:00][info] 退款金额: 0.02元
[2026-02-04T14:05:53+08:00][info] 分账退款数据: {"platformAmount":0,"subOrders":[{"mid":"898310100011808","merOrderId":"3HD3SUB_wx750351155460046848_1","totalAmount":"1"},{"mid":"898310100011808","merOrderId":"3HD3PLAT_wx750351155460046848_1","totalAmount":"1"}]}
[2026-02-04T14:05:53+08:00][info] 银联订单号: 3HD3wx750351155460046848_1
[2026-02-04T14:05:53+08:00][info] 银联退款订单号: 3HD3wx750351155460046848866
[2026-02-04T14:05:53+08:00][info] 订单总金额(分): 3
[2026-02-04T14:05:53+08:00][info] 退款金额(分): 2
[2026-02-04T14:05:53+08:00][info] 分账退款子订单: [{"mid":"898310100011808","merOrderId":"3HD3SUB_wx750351155460046848_1","totalAmount":"1"},{"mid":"898310100011808","merOrderId":"3HD3PLAT_wx750351155460046848_1","totalAmount":"1"}]
[2026-02-04T14:05:53+08:00][info] 请求参数: {"requestTimestamp":"2026-02-04 14:05:53","mid":"898310100010854","tid":"41AUZ7C6","merOrderId":"3HD3wx750351155460046848_1","refundOrderId":"3HD3wx750351155460046848866","refundAmount":"2","totalAmount":"3","orderDesc":"订单退款","platformAmount":0,"subOrders":[{"mid":"898310100011808","merOrderId":"3HD3SUB_wx750351155460046848_1","totalAmount":"1"},{"mid":"898310100011808","merOrderId":"3HD3PLAT_wx750351155460046848_1","totalAmount":"1"}]}
[2026-02-04T14:05:53+08:00][info] 报文体: {"requestTimestamp":"2026-02-04 14:05:53","mid":"898310100010854","tid":"41AUZ7C6","merOrderId":"3HD3wx750351155460046848_1","refundOrderId":"3HD3wx750351155460046848866","refundAmount":"2","totalAmount":"3","orderDesc":"\u8ba2\u5355\u9000\u6b3e","platformAmount":0,"subOrders":[{"mid":"898310100011808","merOrderId":"3HD3SUB_wx750351155460046848_1","totalAmount":"1"},{"mid":"898310100011808","merOrderId":"3HD3PLAT_wx750351155460046848_1","totalAmount":"1"}]}
[2026-02-04T14:05:53+08:00][info] 报文体SHA256: b4d6f9cc1b3783cc3d271481431a09eccfad5712b01dca714e8e649845df6fb4
[2026-02-04T14:05:53+08:00][info] 签名原串: 8a81c1bd96cf23aa019b078242721f2a20260204140553352c73d66228a7b704aa81b44830bf50b4d6f9cc1b3783cc3d271481431a09eccfad5712b01dca714e8e649845df6fb4
[2026-02-04T14:05:53+08:00][info] 签名结果: uVDcgTZxEEL8D0vafj7AgE2H+b8tzmLjOQ5XAsbbVMg=
[2026-02-04T14:05:53+08:00][info] Authorization: OPEN-BODY-SIG AppId="8a81c1bd96cf23aa019b078242721f2a",Timestamp="20260204140553",Nonce="352c73d66228a7b704aa81b44830bf50",Signature="uVDcgTZxEEL8D0vafj7AgE2H+b8tzmLjOQ5XAsbbVMg="
[2026-02-04T14:05:53+08:00][info] 响应数据: {"responseTimestamp":"2026-02-04 14:05:53","errCode":"BAD_REQUEST","errMsg":"子商户898310100011808子订单3HD3PLAT_wx750351155460046848_1不存在"}
[2026-02-04T14:05:53+08:00][info] 银联退款调用失败(组合支付): 退款失败: 子商户898310100011808子订单3HD3PLAT_wx750351155460046848_1不存在
[2026-02-04T14:05:53+08:00][info] 异常堆栈: #0 /var/www/app/services/order/StoreOrderRefundServices.php(2005): crmeb\services\UmsPayService->refund()
#1 /var/www/app/services/order/StoreOrderRefundServices.php(869): app\services\order\StoreOrderRefundServices->handleOnlinePayRefund()
#2 /var/www/vendor/topthink/think-orm/src/db/PDOConnection.php(1521): app\services\order\StoreOrderRefundServices->app\services\order\{closure}()
#3 /var/www/vendor/topthink/think-swoole/src/pool/Proxy.php(83): think\db\PDOConnection->transaction()
#4 /var/www/vendor/topthink/think-swoole/src/pool/proxy/Connection.php(188): think\swoole\pool\Proxy->__call()
#5 [internal function]: think\swoole\pool\proxy\Connection->transaction()
#6 /var/www/vendor/topthink/think-orm/src/DbManager.php(409): call_user_func_array()
#7 [internal function]: think\DbManager->__call()
#8 /var/www/vendor/topthink/framework/src/think/Facade.php(97): call_user_func_array()
#9 /var/www/app/services/BaseServices.php(56): think\Facade::__callStatic()
#10 /var/www/app/services/order/StoreOrderRefundServices.php(1028): app\services\BaseServices->transaction()
#11 /var/www/app/common/controller/Order.php(957): app\services\order\StoreOrderRefundServices->agreeRefund()
#12 [internal function]: app\controller\admin\v1\order\StoreOrder->open_order_refund()
#13 /var/www/vendor/topthink/framework/src/think/Container.php(345): ReflectionMethod->invokeArgs()
#14 /var/www/vendor/topthink/framework/src/think/route/dispatch/Controller.php(110): think\Container->invokeReflectMethod()
#15 /var/www/vendor/topthink/framework/src/think/Pipeline.php(59): think\route\dispatch\Controller->think\route\dispatch\{closure}()
#16 /var/www/vendor/topthink/framework/src/think/Pipeline.php(66): think\Pipeline->think\{closure}()
#17 /var/www/vendor/topthink/framework/src/think/route/dispatch/Controller.php(113): think\Pipeline->then()
#18 /var/www/vendor/topthink/framework/src/think/route/Dispatch.php(52): think\route\dispatch\Controller->exec()
#19 /var/www/vendor/topthink/framework/src/think/Route.php(755): think\route\Dispatch->run()
#20 /var/www/vendor/topthink/framework/src/think/Pipeline.php(59): think\Route->think\{closure}()
#21 /var/www/app/http/middleware/admin/AdminLogMiddleware.php(40): think\Pipeline->think\{closure}()
#22 [internal function]: app\http\middleware\admin\AdminLogMiddleware->handle()
#23 /var/www/vendor/topthink/framework/src/think/Middleware.php(134): call_user_func()
#24 /var/www/vendor/topthink/framework/src/think/Pipeline.php(85): think\Middleware->think\{closure}()
#25 /var/www/app/http/middleware/admin/AdminCkeckRoleMiddleware.php(57): think\Pipeline->think\{closure}()
#26 [internal function]: app\http\middleware\admin\AdminCkeckRoleMiddleware->handle()
#27 /var/www/vendor/topthink/framework/src/think/Middleware.php(134): call_user_func()
#28 /var/www/vendor/topthink/framework/src/think/Pipeline.php(85): think\Middleware->think\{closure}()
#29 /var/www/app/http/middleware/admin/AdminAuthTokenMiddleware.php(39): think\Pipeline->think\{closure}()
#30 [internal function]: app\http\middleware\admin\AdminAuthTokenMiddleware->handle()
#31 /var/www/vendor/topthink/framework/src/think/Middleware.php(134): call_user_func()
#32 /var/www/vendor/topthink/framework/src/think/Pipeline.php(85): think\Middleware->think\{closure}()
#33 /var/www/app/http/middleware/AllowOriginMiddleware.php(50): think\Pipeline->think\{closure}()
#34 [internal function]: app\http\middleware\AllowOriginMiddleware->handle()
#35 /var/www/vendor/topthink/framework/src/think/Middleware.php(134): call_user_func()
#36 /var/www/vendor/topthink/framework/src/think/Pipeline.php(85): think\Middleware->think\{closure}()
#37 /var/www/app/http/middleware/InstallMiddleware.php(32): think\Pipeline->think\{closure}()
#38 [internal function]: app\http\middleware\InstallMiddleware->handle()
#39 /var/www/vendor/topthink/framework/src/think/Middleware.php(134): call_user_func()
#40 /var/www/vendor/topthink/framework/src/think/Pipeline.php(85): think\Middleware->think\{closure}()
#41 /var/www/vendor/topthink/framework/src/think/Pipeline.php(66): think\Pipeline->think\{closure}()
#42 /var/www/vendor/topthink/framework/src/think/Route.php(756): think\Pipeline->then()
#43 /var/www/vendor/topthink/framework/src/think/Http.php(208): think\Route->dispatch()
#44 /var/www/vendor/topthink/framework/src/think/Http.php(198): think\Http->dispatchToRoute()
#45 /var/www/vendor/topthink/framework/src/think/Pipeline.php(59): think\Http->think\{closure}()
#46 /var/www/vendor/topthink/framework/src/think/middleware/LoadLangPack.php(53): think\Pipeline->think\{closure}()
#47 [internal function]: think\middleware\LoadLangPack->handle()
#48 /var/www/vendor/topthink/framework/src/think/Middleware.php(134): call_user_func()
#49 /var/www/vendor/topthink/framework/src/think/Pipeline.php(85): think\Middleware->think\{closure}()
#50 /var/www/vendor/topthink/framework/src/think/middleware/SessionInit.php(58): think\Pipeline->think\{closure}()
#51 [internal function]: think\middleware\SessionInit->handle()
#52 /var/www/vendor/topthink/framework/src/think/Middleware.php(134): call_user_func()
#53 /var/www/vendor/topthink/framework/src/think/Pipeline.php(85): think\Middleware->think\{closure}()
#54 /var/www/crmeb/topthink/TraceDebug.php(43): think\Pipeline->think\{closure}()
#55 [internal function]: crmeb\topthink\TraceDebug->handle()
#56 /var/www/vendor/topthink/framework/src/think/Middleware.php(134): call_user_func()
#57 /var/www/vendor/topthink/framework/src/think/Pipeline.php(85): think\Middleware->think\{closure}()
#58 /var/www/vendor/topthink/framework/src/think/Pipeline.php(66): think\Pipeline->think\{closure}()
#59 /var/www/vendor/topthink/framework/src/think/Http.php(199): think\Pipeline->then()
#60 /var/www/vendor/topthink/framework/src/think/Http.php(162): think\Http->runWithRequest()
#61 /var/www/vendor/topthink/think-swoole/src/concerns/InteractsWithHttp.php(143): think\Http->run()
#62 /var/www/vendor/topthink/think-swoole/src/concerns/InteractsWithHttp.php(125): think\swoole\Manager->handleRequest()
#63 /var/www/vendor/topthink/framework/src/think/Container.php(295): think\swoole\Manager->think\swoole\concerns\{closure}()
#64 /var/www/vendor/topthink/framework/src/think/Container.php(359): think\Container->invokeFunction()
#65 /var/www/vendor/topthink/think-swoole/src/Sandbox.php(87): think\Container->invoke()
#66 /var/www/vendor/topthink/think-swoole/src/concerns/WithApplication.php(84): think\swoole\Sandbox->run()
#67 /var/www/vendor/topthink/think-swoole/src/concerns/InteractsWithHttp.php(134): think\swoole\Manager->runInSandbox()
#68 {main}
[2026-02-04T14:53:57+08:00][info] 整单退款状态判断: order_id=280, pay_price=0.03, total_refund=0.03, refund_status=1
[2026-02-04T14:53:57+08:00][info] 开始处理退款: {"order_id":280,"order_no":"wx750351155460046848","pay_type":"combination","pay_price":"0.03","online_pay_price":"0.02","balance_pay_price":"0.00","welfare_pay_price":"0.01","pay_type_detail":"{\"welfare\":0.01,\"online_pay_type\":\"ums\"}","refund_price":"0.03"}
[2026-02-04T14:53:57+08:00][info] 检测到组合支付订单,进入组合支付退款流程, pay_type: combination
[2026-02-04T14:53:57+08:00][info] 退款比例: 1.0000
[2026-02-04T14:53:57+08:00][info] 福利金按比例计算: 0.01 元
[2026-02-04T14:53:57+08:00][info] 在线支付按比例计算: 0.02 元
[2026-02-04T14:53:57+08:00][info] 计算总和: 0.03 元
[2026-02-04T14:53:57+08:00][info] 差额: 0.00 元
[2026-02-04T14:53:57+08:00][info] 补偿后总额: 0.03 元, 应退款: 0.03 元
[2026-02-04T14:53:57+08:00][info] 开始处理在线支付退款,金额: 0.02 元
[2026-02-04T14:53:57+08:00][info] 进入 handleOnlinePayRefund 方法: {"pay_type":"combination","online_pay_price":"0.02","pay_type_detail":"{\"welfare\":0.01,\"online_pay_type\":\"ums\"}"}
[2026-02-04T14:53:57+08:00][info] 使用已计算好的在线支付退款金额(含差额补偿): 0.02
[2026-02-04T14:53:57+08:00][info] 最终在线支付退款金额: 0.02
[2026-02-04T14:53:57+08:00][info] 开始判断在线支付方式...
[2026-02-04T14:53:57+08:00][info] 订单是组合支付,尝试从 pay_type_detail 获取 online_pay_type
[2026-02-04T14:53:57+08:00][info] 解析后的 pay_type_detail: {"welfare":0.01,"online_pay_type":"ums"}
[2026-02-04T14:53:57+08:00][info] 从 pay_type_detail 中获取到 online_pay_type: ums
[2026-02-04T14:53:57+08:00][info] 最终确定的支付方式 payType: ums
[2026-02-04T14:53:57+08:00][info] 进入 switch 语句,payType: ums
[2026-02-04T14:53:57+08:00][info] 匹配到银联支付退款 case (组合支付), payType: ums
[2026-02-04T14:53:57+08:00][info] 退款使用配置类型(组合支付): mini
[2026-02-04T14:53:57+08:00][info] 订单 wx750351155460046848 已退款总金额: 0 元
[2026-02-04T14:53:57+08:00][info] 订单 wx750351155460046848 供应商在线支付已收金额: 0.01 元
[2026-02-04T14:53:57+08:00][info] 订单 wx750351155460046848 供应商已退金额: 0 元
[2026-02-04T14:53:57+08:00][info] 订单 wx750351155460046848 供应商剩余可退金额: 0.01 元
[2026-02-04T14:53:57+08:00][info] 订单 wx750351155460046848 平台子订单不存在: 平台子订单号=3HD3PLAT_wx750351155460046848_1，跳过平台分账退款
[2026-02-04T14:53:57+08:00][info] 订单 wx750351155460046848 构建分账退款数据成功: 供应商=上海达达123公司, 供应商退款=0.01元, 分账退款子订单数=1
[2026-02-04T14:53:57+08:00][info] 银联退款参数(组合支付) - 业务订单号: wx750351155460046848, 实际支付单号: 3HD3wx750351155460046848_1, 退款单号: wx750351155460046848275, 订单总金额: 0.03, 退款金额: 0.02, instMid: 
[2026-02-04T14:53:57+08:00][info] 分账退款数据(组合支付): {"platformAmount":0,"subOrders":[{"mid":"898310100011808","merOrderId":"3HD3SUB_wx750351155460046848_1","totalAmount":"1"}]}
[2026-02-04T14:53:57+08:00][info] === 银联商务支付初始化 ===
[2026-02-04T14:53:57+08:00][info] 支付类型: mini
[2026-02-04T14:53:57+08:00][info] AppId: 8a81c1bd96cf23aa019b078242721f2a
[2026-02-04T14:53:57+08:00][info] 商户号: 898310100010854
[2026-02-04T14:53:57+08:00][info] 终端号: 41AUZ7C6
[2026-02-04T14:53:57+08:00][info] API地址: https://api-mop.chinaums.com
[2026-02-04T14:53:57+08:00][info] 环境: 生产
[2026-02-04T14:53:57+08:00][info] === 银联退款 ===
[2026-02-04T14:53:57+08:00][info] 原订单号: 3HD3wx750351155460046848_1
[2026-02-04T14:53:57+08:00][info] 退款订单号: wx750351155460046848275
[2026-02-04T14:53:57+08:00][info] 订单总金额: 0.03元
[2026-02-04T14:53:57+08:00][info] 退款金额: 0.02元
[2026-02-04T14:53:57+08:00][info] 分账退款数据: {"platformAmount":0,"subOrders":[{"mid":"898310100011808","merOrderId":"3HD3SUB_wx750351155460046848_1","totalAmount":"1"}]}
[2026-02-04T14:53:57+08:00][info] 银联订单号: 3HD3wx750351155460046848_1
[2026-02-04T14:53:57+08:00][info] 银联退款订单号: 3HD3wx750351155460046848275
[2026-02-04T14:53:57+08:00][info] 订单总金额(分): 3
[2026-02-04T14:53:57+08:00][info] 退款金额(分): 2
[2026-02-04T14:53:57+08:00][info] 分账退款子订单: [{"mid":"898310100011808","merOrderId":"3HD3SUB_wx750351155460046848_1","totalAmount":"1"}]
[2026-02-04T14:53:57+08:00][info] 请求参数: {"requestTimestamp":"2026-02-04 14:53:57","mid":"898310100010854","tid":"41AUZ7C6","merOrderId":"3HD3wx750351155460046848_1","refundOrderId":"3HD3wx750351155460046848275","refundAmount":"2","totalAmount":"3","orderDesc":"订单退款","platformAmount":0,"subOrders":[{"mid":"898310100011808","merOrderId":"3HD3SUB_wx750351155460046848_1","totalAmount":"1"}]}
[2026-02-04T14:53:57+08:00][info] 报文体: {"requestTimestamp":"2026-02-04 14:53:57","mid":"898310100010854","tid":"41AUZ7C6","merOrderId":"3HD3wx750351155460046848_1","refundOrderId":"3HD3wx750351155460046848275","refundAmount":"2","totalAmount":"3","orderDesc":"\u8ba2\u5355\u9000\u6b3e","platformAmount":0,"subOrders":[{"mid":"898310100011808","merOrderId":"3HD3SUB_wx750351155460046848_1","totalAmount":"1"}]}
[2026-02-04T14:53:57+08:00][info] 报文体SHA256: b36a9862f318c6531576490b12ad0546061774b370a78eeb0224e918b909bd10
[2026-02-04T14:53:57+08:00][info] 签名原串: 8a81c1bd96cf23aa019b078242721f2a2026020414535786510a9f2b5a175b757849a05083516bb36a9862f318c6531576490b12ad0546061774b370a78eeb0224e918b909bd10
[2026-02-04T14:53:57+08:00][info] 签名结果: OxVsPzUwmQqnQJ5aijZKNyZOTwWYvc6vYVyuITZkzbw=
[2026-02-04T14:53:57+08:00][info] Authorization: OPEN-BODY-SIG AppId="8a81c1bd96cf23aa019b078242721f2a",Timestamp="20260204145357",Nonce="86510a9f2b5a175b757849a05083516b",Signature="OxVsPzUwmQqnQJ5aijZKNyZOTwWYvc6vYVyuITZkzbw="
[2026-02-04T14:53:57+08:00][info] 响应数据: {"responseTimestamp":"2026-02-04 14:53:57","errCode":"BAD_REQUEST","errMsg":"退款订单总金额校验不通过"}
[2026-02-04T14:53:57+08:00][info] 银联退款调用失败(组合支付): 退款失败: 退款订单总金额校验不通过
[2026-02-04T14:53:57+08:00][info] 异常堆栈: #0 /var/www/app/services/order/StoreOrderRefundServices.php(2005): crmeb\services\UmsPayService->refund()
#1 /var/www/app/services/order/StoreOrderRefundServices.php(869): app\services\order\StoreOrderRefundServices->handleOnlinePayRefund()
#2 /var/www/vendor/topthink/think-orm/src/db/PDOConnection.php(1521): app\services\order\StoreOrderRefundServices->app\services\order\{closure}()
#3 /var/www/vendor/topthink/think-swoole/src/pool/Proxy.php(83): think\db\PDOConnection->transaction()
#4 /var/www/vendor/topthink/think-swoole/src/pool/proxy/Connection.php(188): think\swoole\pool\Proxy->__call()
#5 [internal function]: think\swoole\pool\proxy\Connection->transaction()
#6 /var/www/vendor/topthink/think-orm/src/DbManager.php(409): call_user_func_array()
#7 [internal function]: think\DbManager->__call()
#8 /var/www/vendor/topthink/framework/src/think/Facade.php(97): call_user_func_array()
#9 /var/www/app/services/BaseServices.php(56): think\Facade::__callStatic()
#10 /var/www/app/services/order/StoreOrderRefundServices.php(1028): app\services\BaseServices->transaction()
#11 /var/www/app/common/controller/Order.php(957): app\services\order\StoreOrderRefundServices->agreeRefund()
#12 [internal function]: app\controller\admin\v1\order\StoreOrder->open_order_refund()
#13 /var/www/vendor/topthink/framework/src/think/Container.php(345): ReflectionMethod->invokeArgs()
#14 /var/www/vendor/topthink/framework/src/think/route/dispatch/Controller.php(110): think\Container->invokeReflectMethod()
#15 /var/www/vendor/topthink/framework/src/think/Pipeline.php(59): think\route\dispatch\Controller->think\route\dispatch\{closure}()
#16 /var/www/vendor/topthink/framework/src/think/Pipeline.php(66): think\Pipeline->think\{closure}()
#17 /var/www/vendor/topthink/framework/src/think/route/dispatch/Controller.php(113): think\Pipeline->then()
#18 /var/www/vendor/topthink/framework/src/think/route/Dispatch.php(52): think\route\dispatch\Controller->exec()
#19 /var/www/vendor/topthink/framework/src/think/Route.php(755): think\route\Dispatch->run()
#20 /var/www/vendor/topthink/framework/src/think/Pipeline.php(59): think\Route->think\{closure}()
#21 /var/www/app/http/middleware/admin/AdminLogMiddleware.php(40): think\Pipeline->think\{closure}()
#22 [internal function]: app\http\middleware\admin\AdminLogMiddleware->handle()
#23 /var/www/vendor/topthink/framework/src/think/Middleware.php(134): call_user_func()
#24 /var/www/vendor/topthink/framework/src/think/Pipeline.php(85): think\Middleware->think\{closure}()
#25 /var/www/app/http/middleware/admin/AdminCkeckRoleMiddleware.php(57): think\Pipeline->think\{closure}()
#26 [internal function]: app\http\middleware\admin\AdminCkeckRoleMiddleware->handle()
#27 /var/www/vendor/topthink/framework/src/think/Middleware.php(134): call_user_func()
#28 /var/www/vendor/topthink/framework/src/think/Pipeline.php(85): think\Middleware->think\{closure}()
#29 /var/www/app/http/middleware/admin/AdminAuthTokenMiddleware.php(39): think\Pipeline->think\{closure}()
#30 [internal function]: app\http\middleware\admin\AdminAuthTokenMiddleware->handle()
#31 /var/www/vendor/topthink/framework/src/think/Middleware.php(134): call_user_func()
#32 /var/www/vendor/topthink/framework/src/think/Pipeline.php(85): think\Middleware->think\{closure}()
#33 /var/www/app/http/middleware/AllowOriginMiddleware.php(50): think\Pipeline->think\{closure}()
#34 [internal function]: app\http\middleware\AllowOriginMiddleware->handle()
#35 /var/www/vendor/topthink/framework/src/think/Middleware.php(134): call_user_func()
#36 /var/www/vendor/topthink/framework/src/think/Pipeline.php(85): think\Middleware->think\{closure}()
#37 /var/www/app/http/middleware/InstallMiddleware.php(32): think\Pipeline->think\{closure}()
#38 [internal function]: app\http\middleware\InstallMiddleware->handle()
#39 /var/www/vendor/topthink/framework/src/think/Middleware.php(134): call_user_func()
#40 /var/www/vendor/topthink/framework/src/think/Pipeline.php(85): think\Middleware->think\{closure}()
#41 /var/www/vendor/topthink/framework/src/think/Pipeline.php(66): think\Pipeline->think\{closure}()
#42 /var/www/vendor/topthink/framework/src/think/Route.php(756): think\Pipeline->then()
#43 /var/www/vendor/topthink/framework/src/think/Http.php(208): think\Route->dispatch()
#44 /var/www/vendor/topthink/framework/src/think/Http.php(198): think\Http->dispatchToRoute()
#45 /var/www/vendor/topthink/framework/src/think/Pipeline.php(59): think\Http->think\{closure}()
#46 /var/www/vendor/topthink/framework/src/think/middleware/LoadLangPack.php(53): think\Pipeline->think\{closure}()
#47 [internal function]: think\middleware\LoadLangPack->handle()
#48 /var/www/vendor/topthink/framework/src/think/Middleware.php(134): call_user_func()
#49 /var/www/vendor/topthink/framework/src/think/Pipeline.php(85): think\Middleware->think\{closure}()
#50 /var/www/vendor/topthink/framework/src/think/middleware/SessionInit.php(58): think\Pipeline->think\{closure}()
#51 [internal function]: think\middleware\SessionInit->handle()
#52 /var/www/vendor/topthink/framework/src/think/Middleware.php(134): call_user_func()
#53 /var/www/vendor/topthink/framework/src/think/Pipeline.php(85): think\Middleware->think\{closure}()
#54 /var/www/crmeb/topthink/TraceDebug.php(43): think\Pipeline->think\{closure}()
#55 [internal function]: crmeb\topthink\TraceDebug->handle()
#56 /var/www/vendor/topthink/framework/src/think/Middleware.php(134): call_user_func()
#57 /var/www/vendor/topthink/framework/src/think/Pipeline.php(85): think\Middleware->think\{closure}()
#58 /var/www/vendor/topthink/framework/src/think/Pipeline.php(66): think\Pipeline->think\{closure}()
#59 /var/www/vendor/topthink/framework/src/think/Http.php(199): think\Pipeline->then()
#60 /var/www/vendor/topthink/framework/src/think/Http.php(162): think\Http->runWithRequest()
#61 /var/www/vendor/topthink/think-swoole/src/concerns/InteractsWithHttp.php(143): think\Http->run()
#62 /var/www/vendor/topthink/think-swoole/src/concerns/InteractsWithHttp.php(125): think\swoole\Manager->handleRequest()
#63 /var/www/vendor/topthink/framework/src/think/Container.php(295): think\swoole\Manager->think\swoole\concerns\{closure}()
#64 /var/www/vendor/topthink/framework/src/think/Container.php(359): think\Container->invokeFunction()
#65 /var/www/vendor/topthink/think-swoole/src/Sandbox.php(87): think\Container->invoke()
#66 /var/www/vendor/topthink/think-swoole/src/concerns/WithApplication.php(84): think\swoole\Sandbox->run()
#67 /var/www/vendor/topthink/think-swoole/src/concerns/InteractsWithHttp.php(134): think\swoole\Manager->runInSandbox()
#68 {main}
[2026-02-04T14:57:49+08:00][info] 整单退款状态判断: order_id=110, pay_price=0.10, total_refund=0.10, refund_status=1
[2026-02-04T14:57:49+08:00][info] 开始处理退款: {"order_id":110,"order_no":"wx735167146723639296","pay_type":"combination","pay_price":"0.10","online_pay_price":"0.01","balance_pay_price":"0.04","welfare_pay_price":"0.05","pay_type_detail":"{\"welfare\":0.05,\"balance\":0.04,\"online_pay_type\":\"ums\"}","refund_price":"0.10"}
[2026-02-04T14:57:49+08:00][info] 检测到组合支付订单,进入组合支付退款流程, pay_type: combination
[2026-02-04T14:57:49+08:00][info] 退款比例: 1.0000
[2026-02-04T14:57:49+08:00][info] 福利金按比例计算: 0.05 元
[2026-02-04T14:57:49+08:00][info] 余额按比例计算: 0.04 元
[2026-02-04T14:57:49+08:00][info] 在线支付按比例计算: 0.01 元
[2026-02-04T14:57:49+08:00][info] 计算总和: 0.10 元
[2026-02-04T14:57:49+08:00][info] 差额: 0.00 元
[2026-02-04T14:57:49+08:00][info] 补偿后总额: 0.10 元, 应退款: 0.10 元
[2026-02-04T14:57:49+08:00][info] 开始处理余额退款,金额: 0.04 元
[2026-02-04T14:57:49+08:00][info] === 开始处理余额退款 ===
[2026-02-04T14:57:49+08:00][info] 订单号: wx735167146723639296
[2026-02-04T14:57:49+08:00][info] 订单ID: 110
[2026-02-04T14:57:49+08:00][info] 用户ID: 4
[2026-02-04T14:57:49+08:00][info] 退款金额: 0.04
[2026-02-04T14:57:49+08:00][info] 用户当前余额: 999.96
[2026-02-04T14:57:49+08:00][info] ✅ 用户余额增加成功，增加金额: 0.04
[2026-02-04T14:57:49+08:00][info] 商品标题: 购买支付测试商品
[2026-02-04T14:57:49+08:00][info] 退款后余额: 1000.00
[2026-02-04T14:57:49+08:00][info] ✅ 资金流水记录成功
[2026-02-04T14:57:49+08:00][info] === 余额退款处理完成 ===
[2026-02-04T14:57:49+08:00][info] 余额退款成功!
[2026-02-04T14:57:49+08:00][info] 开始处理在线支付退款,金额: 0.01 元
[2026-02-04T14:57:49+08:00][info] 进入 handleOnlinePayRefund 方法: {"pay_type":"combination","online_pay_price":"0.01","pay_type_detail":"{\"welfare\":0.05,\"balance\":0.04,\"online_pay_type\":\"ums\"}"}
[2026-02-04T14:57:49+08:00][info] 使用已计算好的在线支付退款金额(含差额补偿): 0.01
[2026-02-04T14:57:49+08:00][info] 最终在线支付退款金额: 0.01
[2026-02-04T14:57:49+08:00][info] 开始判断在线支付方式...
[2026-02-04T14:57:49+08:00][info] 订单是组合支付,尝试从 pay_type_detail 获取 online_pay_type
[2026-02-04T14:57:49+08:00][info] 解析后的 pay_type_detail: {"welfare":0.05,"balance":0.04,"online_pay_type":"ums"}
[2026-02-04T14:57:49+08:00][info] 从 pay_type_detail 中获取到 online_pay_type: ums
[2026-02-04T14:57:49+08:00][info] 最终确定的支付方式 payType: ums
[2026-02-04T14:57:49+08:00][info] 进入 switch 语句,payType: ums
[2026-02-04T14:57:49+08:00][info] 匹配到银联支付退款 case (组合支付), payType: ums
[2026-02-04T14:57:49+08:00][info] 退款使用配置类型(组合支付): mini
[2026-02-04T14:57:49+08:00][info] 银联退款参数(组合支付) - 业务订单号: wx735167146723639296, 实际支付单号: 3HD3wx735167146723639296_3, 退款单号: wx735167146723639296200, 订单总金额: 0.10, 退款金额: 0.01, instMid: 
[2026-02-04T14:57:49+08:00][info] === 银联商务支付初始化 ===
[2026-02-04T14:57:49+08:00][info] 支付类型: mini
[2026-02-04T14:57:49+08:00][info] AppId: 8a81c1bd96cf23aa019b078242721f2a
[2026-02-04T14:57:49+08:00][info] 商户号: 898310100010854
[2026-02-04T14:57:49+08:00][info] 终端号: 41AUZ7C6
[2026-02-04T14:57:49+08:00][info] API地址: https://api-mop.chinaums.com
[2026-02-04T14:57:49+08:00][info] 环境: 生产
[2026-02-04T14:57:49+08:00][info] === 银联退款 ===
[2026-02-04T14:57:49+08:00][info] 原订单号: 3HD3wx735167146723639296_3
[2026-02-04T14:57:49+08:00][info] 退款订单号: wx735167146723639296200
[2026-02-04T14:57:49+08:00][info] 订单总金额: 0.10元
[2026-02-04T14:57:49+08:00][info] 退款金额: 0.01元
[2026-02-04T14:57:49+08:00][info] 银联订单号: 3HD3wx735167146723639296_3
[2026-02-04T14:57:49+08:00][info] 银联退款订单号: 3HD3wx735167146723639296200
[2026-02-04T14:57:49+08:00][info] 订单总金额(分): 10
[2026-02-04T14:57:49+08:00][info] 退款金额(分): 1
[2026-02-04T14:57:49+08:00][info] 请求参数: {"requestTimestamp":"2026-02-04 14:57:49","mid":"898310100010854","tid":"41AUZ7C6","merOrderId":"3HD3wx735167146723639296_3","refundOrderId":"3HD3wx735167146723639296200","refundAmount":"1","totalAmount":"10","orderDesc":"订单退款"}
[2026-02-04T14:57:49+08:00][info] 报文体: {"requestTimestamp":"2026-02-04 14:57:49","mid":"898310100010854","tid":"41AUZ7C6","merOrderId":"3HD3wx735167146723639296_3","refundOrderId":"3HD3wx735167146723639296200","refundAmount":"1","totalAmount":"10","orderDesc":"\u8ba2\u5355\u9000\u6b3e"}
[2026-02-04T14:57:49+08:00][info] 报文体SHA256: 82309ab608904a1c3d1ecbdcdad8ba2154e45e473f26e1d084637ea48447070b
[2026-02-04T14:57:49+08:00][info] 签名原串: 8a81c1bd96cf23aa019b078242721f2a2026020414574951ae9d04564241cf1931fd4fc62a220182309ab608904a1c3d1ecbdcdad8ba2154e45e473f26e1d084637ea48447070b
[2026-02-04T14:57:49+08:00][info] 签名结果: 8o85w72QQ1+XM0ZniZ88rEJx5iXyKTBrHz2NmoIppgA=
[2026-02-04T14:57:49+08:00][info] Authorization: OPEN-BODY-SIG AppId="8a81c1bd96cf23aa019b078242721f2a",Timestamp="20260204145749",Nonce="51ae9d04564241cf1931fd4fc62a2201",Signature="8o85w72QQ1+XM0ZniZ88rEJx5iXyKTBrHz2NmoIppgA="
[2026-02-04T14:57:49+08:00][info] 响应数据: {"errCode":"NO_ORDER","errMsg":"无法找到指定的订单","responseTimestamp":"2026-02-04 14:57:49"}
[2026-02-04T14:57:49+08:00][info] 银联退款调用失败(组合支付): 退款失败: 无法找到指定的订单
[2026-02-04T14:57:49+08:00][info] 异常堆栈: #0 /var/www/app/services/order/StoreOrderRefundServices.php(2005): crmeb\services\UmsPayService->refund()
#1 /var/www/app/services/order/StoreOrderRefundServices.php(869): app\services\order\StoreOrderRefundServices->handleOnlinePayRefund()
#2 /var/www/vendor/topthink/think-orm/src/db/PDOConnection.php(1521): app\services\order\StoreOrderRefundServices->app\services\order\{closure}()
#3 /var/www/vendor/topthink/think-swoole/src/pool/Proxy.php(83): think\db\PDOConnection->transaction()
#4 /var/www/vendor/topthink/think-swoole/src/pool/proxy/Connection.php(188): think\swoole\pool\Proxy->__call()
#5 [internal function]: think\swoole\pool\proxy\Connection->transaction()
#6 /var/www/vendor/topthink/think-orm/src/DbManager.php(409): call_user_func_array()
#7 [internal function]: think\DbManager->__call()
#8 /var/www/vendor/topthink/framework/src/think/Facade.php(97): call_user_func_array()
#9 /var/www/app/services/BaseServices.php(56): think\Facade::__callStatic()
#10 /var/www/app/services/order/StoreOrderRefundServices.php(1028): app\services\BaseServices->transaction()
#11 /var/www/app/common/controller/Order.php(957): app\services\order\StoreOrderRefundServices->agreeRefund()
#12 [internal function]: app\controller\admin\v1\order\StoreOrder->open_order_refund()
#13 /var/www/vendor/topthink/framework/src/think/Container.php(345): ReflectionMethod->invokeArgs()
#14 /var/www/vendor/topthink/framework/src/think/route/dispatch/Controller.php(110): think\Container->invokeReflectMethod()
#15 /var/www/vendor/topthink/framework/src/think/Pipeline.php(59): think\route\dispatch\Controller->think\route\dispatch\{closure}()
#16 /var/www/vendor/topthink/framework/src/think/Pipeline.php(66): think\Pipeline->think\{closure}()
#17 /var/www/vendor/topthink/framework/src/think/route/dispatch/Controller.php(113): think\Pipeline->then()
#18 /var/www/vendor/topthink/framework/src/think/route/Dispatch.php(52): think\route\dispatch\Controller->exec()
#19 /var/www/vendor/topthink/framework/src/think/Route.php(755): think\route\Dispatch->run()
#20 /var/www/vendor/topthink/framework/src/think/Pipeline.php(59): think\Route->think\{closure}()
#21 /var/www/app/http/middleware/admin/AdminLogMiddleware.php(40): think\Pipeline->think\{closure}()
#22 [internal function]: app\http\middleware\admin\AdminLogMiddleware->handle()
#23 /var/www/vendor/topthink/framework/src/think/Middleware.php(134): call_user_func()
#24 /var/www/vendor/topthink/framework/src/think/Pipeline.php(85): think\Middleware->think\{closure}()
#25 /var/www/app/http/middleware/admin/AdminCkeckRoleMiddleware.php(57): think\Pipeline->think\{closure}()
#26 [internal function]: app\http\middleware\admin\AdminCkeckRoleMiddleware->handle()
#27 /var/www/vendor/topthink/framework/src/think/Middleware.php(134): call_user_func()
#28 /var/www/vendor/topthink/framework/src/think/Pipeline.php(85): think\Middleware->think\{closure}()
#29 /var/www/app/http/middleware/admin/AdminAuthTokenMiddleware.php(39): think\Pipeline->think\{closure}()
#30 [internal function]: app\http\middleware\admin\AdminAuthTokenMiddleware->handle()
#31 /var/www/vendor/topthink/framework/src/think/Middleware.php(134): call_user_func()
#32 /var/www/vendor/topthink/framework/src/think/Pipeline.php(85): think\Middleware->think\{closure}()
#33 /var/www/app/http/middleware/AllowOriginMiddleware.php(50): think\Pipeline->think\{closure}()
#34 [internal function]: app\http\middleware\AllowOriginMiddleware->handle()
#35 /var/www/vendor/topthink/framework/src/think/Middleware.php(134): call_user_func()
#36 /var/www/vendor/topthink/framework/src/think/Pipeline.php(85): think\Middleware->think\{closure}()
#37 /var/www/app/http/middleware/InstallMiddleware.php(32): think\Pipeline->think\{closure}()
#38 [internal function]: app\http\middleware\InstallMiddleware->handle()
#39 /var/www/vendor/topthink/framework/src/think/Middleware.php(134): call_user_func()
#40 /var/www/vendor/topthink/framework/src/think/Pipeline.php(85): think\Middleware->think\{closure}()
#41 /var/www/vendor/topthink/framework/src/think/Pipeline.php(66): think\Pipeline->think\{closure}()
#42 /var/www/vendor/topthink/framework/src/think/Route.php(756): think\Pipeline->then()
#43 /var/www/vendor/topthink/framework/src/think/Http.php(208): think\Route->dispatch()
#44 /var/www/vendor/topthink/framework/src/think/Http.php(198): think\Http->dispatchToRoute()
#45 /var/www/vendor/topthink/framework/src/think/Pipeline.php(59): think\Http->think\{closure}()
#46 /var/www/vendor/topthink/framework/src/think/middleware/LoadLangPack.php(53): think\Pipeline->think\{closure}()
#47 [internal function]: think\middleware\LoadLangPack->handle()
#48 /var/www/vendor/topthink/framework/src/think/Middleware.php(134): call_user_func()
#49 /var/www/vendor/topthink/framework/src/think/Pipeline.php(85): think\Middleware->think\{closure}()
#50 /var/www/vendor/topthink/framework/src/think/middleware/SessionInit.php(58): think\Pipeline->think\{closure}()
#51 [internal function]: think\middleware\SessionInit->handle()
#52 /var/www/vendor/topthink/framework/src/think/Middleware.php(134): call_user_func()
#53 /var/www/vendor/topthink/framework/src/think/Pipeline.php(85): think\Middleware->think\{closure}()
#54 /var/www/crmeb/topthink/TraceDebug.php(43): think\Pipeline->think\{closure}()
#55 [internal function]: crmeb\topthink\TraceDebug->handle()
#56 /var/www/vendor/topthink/framework/src/think/Middleware.php(134): call_user_func()
#57 /var/www/vendor/topthink/framework/src/think/Pipeline.php(85): think\Middleware->think\{closure}()
#58 /var/www/vendor/topthink/framework/src/think/Pipeline.php(66): think\Pipeline->think\{closure}()
#59 /var/www/vendor/topthink/framework/src/think/Http.php(199): think\Pipeline->then()
#60 /var/www/vendor/topthink/framework/src/think/Http.php(162): think\Http->runWithRequest()
#61 /var/www/vendor/topthink/think-swoole/src/concerns/InteractsWithHttp.php(143): think\Http->run()
#62 /var/www/vendor/topthink/think-swoole/src/concerns/InteractsWithHttp.php(125): think\swoole\Manager->handleRequest()
#63 /var/www/vendor/topthink/framework/src/think/Container.php(295): think\swoole\Manager->think\swoole\concerns\{closure}()
#64 /var/www/vendor/topthink/framework/src/think/Container.php(359): think\Container->invokeFunction()
#65 /var/www/vendor/topthink/think-swoole/src/Sandbox.php(87): think\Container->invoke()
#66 /var/www/vendor/topthink/think-swoole/src/concerns/WithApplication.php(84): think\swoole\Sandbox->run()
#67 /var/www/vendor/topthink/think-swoole/src/concerns/InteractsWithHttp.php(134): think\swoole\Manager->runInSandbox()
#68 {main}
[2026-02-04T15:10:26+08:00][info] 整单退款状态判断: order_id=110, pay_price=0.10, total_refund=0.10, refund_status=1
[2026-02-04T15:10:26+08:00][info] 开始处理退款: {"order_id":110,"order_no":"wx735167146723639296","pay_type":"combination","pay_price":"0.10","online_pay_price":"0.01","balance_pay_price":"0.04","welfare_pay_price":"0.05","pay_type_detail":"{\"welfare\":0.05,\"balance\":0.04,\"online_pay_type\":\"ums\"}","refund_price":"0.10"}
[2026-02-04T15:10:26+08:00][info] 检测到组合支付订单,进入组合支付退款流程, pay_type: combination
[2026-02-04T15:10:26+08:00][info] 退款比例: 1.0000
[2026-02-04T15:10:26+08:00][info] 福利金按比例计算: 0.05 元
[2026-02-04T15:10:26+08:00][info] 余额按比例计算: 0.04 元
[2026-02-04T15:10:26+08:00][info] 在线支付按比例计算: 0.01 元
[2026-02-04T15:10:26+08:00][info] 计算总和: 0.10 元
[2026-02-04T15:10:26+08:00][info] 差额: 0.00 元
[2026-02-04T15:10:26+08:00][info] 补偿后总额: 0.10 元, 应退款: 0.10 元
[2026-02-04T15:10:26+08:00][info] 开始处理余额退款,金额: 0.04 元
[2026-02-04T15:10:26+08:00][info] === 开始处理余额退款 ===
[2026-02-04T15:10:26+08:00][info] 订单号: wx735167146723639296
[2026-02-04T15:10:26+08:00][info] 订单ID: 110
[2026-02-04T15:10:26+08:00][info] 用户ID: 4
[2026-02-04T15:10:26+08:00][info] 退款金额: 0.04
[2026-02-04T15:10:26+08:00][info] 用户当前余额: 999.96
[2026-02-04T15:10:26+08:00][info] ✅ 用户余额增加成功，增加金额: 0.04
[2026-02-04T15:10:26+08:00][info] 商品标题: 购买支付测试商品
[2026-02-04T15:10:26+08:00][info] 退款后余额: 1000.00
[2026-02-04T15:10:26+08:00][info] ✅ 资金流水记录成功
[2026-02-04T15:10:26+08:00][info] === 余额退款处理完成 ===
[2026-02-04T15:10:26+08:00][info] 余额退款成功!
[2026-02-04T15:10:26+08:00][info] 开始处理在线支付退款,金额: 0.01 元
[2026-02-04T15:10:26+08:00][info] 进入 handleOnlinePayRefund 方法: {"pay_type":"combination","online_pay_price":"0.01","pay_type_detail":"{\"welfare\":0.05,\"balance\":0.04,\"online_pay_type\":\"ums\"}"}
[2026-02-04T15:10:26+08:00][info] 使用已计算好的在线支付退款金额(含差额补偿): 0.01
[2026-02-04T15:10:26+08:00][info] 最终在线支付退款金额: 0.01
[2026-02-04T15:10:26+08:00][info] 开始判断在线支付方式...
[2026-02-04T15:10:26+08:00][info] 订单是组合支付,尝试从 pay_type_detail 获取 online_pay_type
[2026-02-04T15:10:26+08:00][info] 解析后的 pay_type_detail: {"welfare":0.05,"balance":0.04,"online_pay_type":"ums"}
[2026-02-04T15:10:26+08:00][info] 从 pay_type_detail 中获取到 online_pay_type: ums
[2026-02-04T15:10:26+08:00][info] 最终确定的支付方式 payType: ums
[2026-02-04T15:10:26+08:00][info] 进入 switch 语句,payType: ums
[2026-02-04T15:10:26+08:00][info] 匹配到银联支付退款 case (组合支付), payType: ums
[2026-02-04T15:10:26+08:00][info] 退款使用配置类型(组合支付): mini
[2026-02-04T15:10:26+08:00][info] 银联退款参数(组合支付) - 业务订单号: wx735167146723639296, 实际支付单号: 3HD3wx735167146723639296_3, 退款单号: wx735167146723639296141, 订单总金额: 0.10, 退款金额: 0.01, instMid: 
[2026-02-04T15:10:26+08:00][info] === 银联商务支付初始化 ===
[2026-02-04T15:10:26+08:00][info] 支付类型: mini
[2026-02-04T15:10:26+08:00][info] AppId: 8a81c1bd96cf23aa019b078242721f2a
[2026-02-04T15:10:26+08:00][info] 商户号: 898310100010854
[2026-02-04T15:10:26+08:00][info] 终端号: 41AUZ7C6
[2026-02-04T15:10:26+08:00][info] API地址: https://api-mop.chinaums.com
[2026-02-04T15:10:26+08:00][info] 环境: 生产
[2026-02-04T15:10:26+08:00][info] === 银联退款 ===
[2026-02-04T15:10:26+08:00][info] 原订单号: 3HD3wx735167146723639296_3
[2026-02-04T15:10:26+08:00][info] 退款订单号: wx735167146723639296141
[2026-02-04T15:10:26+08:00][info] 订单总金额: 0.10元
[2026-02-04T15:10:26+08:00][info] 退款金额: 0.01元
[2026-02-04T15:10:26+08:00][info] 银联订单号: 3HD3wx735167146723639296_3
[2026-02-04T15:10:26+08:00][info] 银联退款订单号: 3HD3wx735167146723639296141
[2026-02-04T15:10:26+08:00][info] 订单总金额(分): 10
[2026-02-04T15:10:26+08:00][info] 退款金额(分): 1
[2026-02-04T15:10:26+08:00][info] 请求参数: {"requestTimestamp":"2026-02-04 15:10:26","mid":"898310100010854","tid":"41AUZ7C6","merOrderId":"3HD3wx735167146723639296_3","refundOrderId":"3HD3wx735167146723639296141","refundAmount":"1","totalAmount":"10","orderDesc":"订单退款"}
[2026-02-04T15:10:26+08:00][info] 报文体: {"requestTimestamp":"2026-02-04 15:10:26","mid":"898310100010854","tid":"41AUZ7C6","merOrderId":"3HD3wx735167146723639296_3","refundOrderId":"3HD3wx735167146723639296141","refundAmount":"1","totalAmount":"10","orderDesc":"\u8ba2\u5355\u9000\u6b3e"}
[2026-02-04T15:10:26+08:00][info] 报文体SHA256: 43fa48acf73f9011e9af4c7d2375caf9c76f6390a416b56091dea8acdd67e368
[2026-02-04T15:10:26+08:00][info] 签名原串: 8a81c1bd96cf23aa019b078242721f2a2026020415102624ade212835e5ab2ccc8bcbea43945dc43fa48acf73f9011e9af4c7d2375caf9c76f6390a416b56091dea8acdd67e368
[2026-02-04T15:10:26+08:00][info] 签名结果: +hmHK4SZ9vl7phIkWOeMIzX1kF3YSV+wco/u1m0Gqzw=
[2026-02-04T15:10:26+08:00][info] Authorization: OPEN-BODY-SIG AppId="8a81c1bd96cf23aa019b078242721f2a",Timestamp="20260204151026",Nonce="24ade212835e5ab2ccc8bcbea43945dc",Signature="+hmHK4SZ9vl7phIkWOeMIzX1kF3YSV+wco/u1m0Gqzw="
[2026-02-04T15:10:26+08:00][info] 响应数据: {"errCode":"NO_ORDER","errMsg":"无法找到指定的订单","responseTimestamp":"2026-02-04 15:10:26"}
[2026-02-04T15:10:26+08:00][info] 银联退款调用失败(组合支付): 退款失败: 无法找到指定的订单
[2026-02-04T15:10:26+08:00][info] 异常堆栈: #0 /var/www/app/services/order/StoreOrderRefundServices.php(2005): crmeb\services\UmsPayService->refund()
#1 /var/www/app/services/order/StoreOrderRefundServices.php(869): app\services\order\StoreOrderRefundServices->handleOnlinePayRefund()
#2 /var/www/vendor/topthink/think-orm/src/db/PDOConnection.php(1521): app\services\order\StoreOrderRefundServices->app\services\order\{closure}()
#3 /var/www/vendor/topthink/think-swoole/src/pool/Proxy.php(83): think\db\PDOConnection->transaction()
#4 /var/www/vendor/topthink/think-swoole/src/pool/proxy/Connection.php(188): think\swoole\pool\Proxy->__call()
#5 [internal function]: think\swoole\pool\proxy\Connection->transaction()
#6 /var/www/vendor/topthink/think-orm/src/DbManager.php(409): call_user_func_array()
#7 [internal function]: think\DbManager->__call()
#8 /var/www/vendor/topthink/framework/src/think/Facade.php(97): call_user_func_array()
#9 /var/www/app/services/BaseServices.php(56): think\Facade::__callStatic()
#10 /var/www/app/services/order/StoreOrderRefundServices.php(1028): app\services\BaseServices->transaction()
#11 /var/www/app/common/controller/Order.php(957): app\services\order\StoreOrderRefundServices->agreeRefund()
#12 [internal function]: app\controller\admin\v1\order\StoreOrder->open_order_refund()
#13 /var/www/vendor/topthink/framework/src/think/Container.php(345): ReflectionMethod->invokeArgs()
#14 /var/www/vendor/topthink/framework/src/think/route/dispatch/Controller.php(110): think\Container->invokeReflectMethod()
#15 /var/www/vendor/topthink/framework/src/think/Pipeline.php(59): think\route\dispatch\Controller->think\route\dispatch\{closure}()
#16 /var/www/vendor/topthink/framework/src/think/Pipeline.php(66): think\Pipeline->think\{closure}()
#17 /var/www/vendor/topthink/framework/src/think/route/dispatch/Controller.php(113): think\Pipeline->then()
#18 /var/www/vendor/topthink/framework/src/think/route/Dispatch.php(52): think\route\dispatch\Controller->exec()
#19 /var/www/vendor/topthink/framework/src/think/Route.php(755): think\route\Dispatch->run()
#20 /var/www/vendor/topthink/framework/src/think/Pipeline.php(59): think\Route->think\{closure}()
#21 /var/www/app/http/middleware/admin/AdminLogMiddleware.php(40): think\Pipeline->think\{closure}()
#22 [internal function]: app\http\middleware\admin\AdminLogMiddleware->handle()
#23 /var/www/vendor/topthink/framework/src/think/Middleware.php(134): call_user_func()
#24 /var/www/vendor/topthink/framework/src/think/Pipeline.php(85): think\Middleware->think\{closure}()
#25 /var/www/app/http/middleware/admin/AdminCkeckRoleMiddleware.php(57): think\Pipeline->think\{closure}()
#26 [internal function]: app\http\middleware\admin\AdminCkeckRoleMiddleware->handle()
#27 /var/www/vendor/topthink/framework/src/think/Middleware.php(134): call_user_func()
#28 /var/www/vendor/topthink/framework/src/think/Pipeline.php(85): think\Middleware->think\{closure}()
#29 /var/www/app/http/middleware/admin/AdminAuthTokenMiddleware.php(39): think\Pipeline->think\{closure}()
#30 [internal function]: app\http\middleware\admin\AdminAuthTokenMiddleware->handle()
#31 /var/www/vendor/topthink/framework/src/think/Middleware.php(134): call_user_func()
#32 /var/www/vendor/topthink/framework/src/think/Pipeline.php(85): think\Middleware->think\{closure}()
#33 /var/www/app/http/middleware/AllowOriginMiddleware.php(50): think\Pipeline->think\{closure}()
#34 [internal function]: app\http\middleware\AllowOriginMiddleware->handle()
#35 /var/www/vendor/topthink/framework/src/think/Middleware.php(134): call_user_func()
#36 /var/www/vendor/topthink/framework/src/think/Pipeline.php(85): think\Middleware->think\{closure}()
#37 /var/www/app/http/middleware/InstallMiddleware.php(32): think\Pipeline->think\{closure}()
#38 [internal function]: app\http\middleware\InstallMiddleware->handle()
#39 /var/www/vendor/topthink/framework/src/think/Middleware.php(134): call_user_func()
#40 /var/www/vendor/topthink/framework/src/think/Pipeline.php(85): think\Middleware->think\{closure}()
#41 /var/www/vendor/topthink/framework/src/think/Pipeline.php(66): think\Pipeline->think\{closure}()
#42 /var/www/vendor/topthink/framework/src/think/Route.php(756): think\Pipeline->then()
#43 /var/www/vendor/topthink/framework/src/think/Http.php(208): think\Route->dispatch()
#44 /var/www/vendor/topthink/framework/src/think/Http.php(198): think\Http->dispatchToRoute()
#45 /var/www/vendor/topthink/framework/src/think/Pipeline.php(59): think\Http->think\{closure}()
#46 /var/www/vendor/topthink/framework/src/think/middleware/LoadLangPack.php(53): think\Pipeline->think\{closure}()
#47 [internal function]: think\middleware\LoadLangPack->handle()
#48 /var/www/vendor/topthink/framework/src/think/Middleware.php(134): call_user_func()
#49 /var/www/vendor/topthink/framework/src/think/Pipeline.php(85): think\Middleware->think\{closure}()
#50 /var/www/vendor/topthink/framework/src/think/middleware/SessionInit.php(58): think\Pipeline->think\{closure}()
#51 [internal function]: think\middleware\SessionInit->handle()
#52 /var/www/vendor/topthink/framework/src/think/Middleware.php(134): call_user_func()
#53 /var/www/vendor/topthink/framework/src/think/Pipeline.php(85): think\Middleware->think\{closure}()
#54 /var/www/crmeb/topthink/TraceDebug.php(43): think\Pipeline->think\{closure}()
#55 [internal function]: crmeb\topthink\TraceDebug->handle()
#56 /var/www/vendor/topthink/framework/src/think/Middleware.php(134): call_user_func()
#57 /var/www/vendor/topthink/framework/src/think/Pipeline.php(85): think\Middleware->think\{closure}()
#58 /var/www/vendor/topthink/framework/src/think/Pipeline.php(66): think\Pipeline->think\{closure}()
#59 /var/www/vendor/topthink/framework/src/think/Http.php(199): think\Pipeline->then()
#60 /var/www/vendor/topthink/framework/src/think/Http.php(162): think\Http->runWithRequest()
#61 /var/www/vendor/topthink/think-swoole/src/concerns/InteractsWithHttp.php(143): think\Http->run()
#62 /var/www/vendor/topthink/think-swoole/src/concerns/InteractsWithHttp.php(125): think\swoole\Manager->handleRequest()
#63 /var/www/vendor/topthink/framework/src/think/Container.php(295): think\swoole\Manager->think\swoole\concerns\{closure}()
#64 /var/www/vendor/topthink/framework/src/think/Container.php(359): think\Container->invokeFunction()
#65 /var/www/vendor/topthink/think-swoole/src/Sandbox.php(87): think\Container->invoke()
#66 /var/www/vendor/topthink/think-swoole/src/concerns/WithApplication.php(84): think\swoole\Sandbox->run()
#67 /var/www/vendor/topthink/think-swoole/src/concerns/InteractsWithHttp.php(134): think\swoole\Manager->runInSandbox()
#68 {main}
[2026-02-04T15:12:18+08:00][info] 整单退款状态判断: order_id=280, pay_price=0.03, total_refund=0.03, refund_status=1
[2026-02-04T15:12:18+08:00][info] 开始处理退款: {"order_id":280,"order_no":"wx750351155460046848","pay_type":"combination","pay_price":"0.03","online_pay_price":"0.02","balance_pay_price":"0.00","welfare_pay_price":"0.01","pay_type_detail":"{\"welfare\":0.01,\"online_pay_type\":\"ums\"}","refund_price":"0.03"}
[2026-02-04T15:12:18+08:00][info] 检测到组合支付订单,进入组合支付退款流程, pay_type: combination
[2026-02-04T15:12:18+08:00][info] 退款比例: 1.0000
[2026-02-04T15:12:18+08:00][info] 福利金按比例计算: 0.01 元
[2026-02-04T15:12:18+08:00][info] 在线支付按比例计算: 0.02 元
[2026-02-04T15:12:18+08:00][info] 计算总和: 0.03 元
[2026-02-04T15:12:18+08:00][info] 差额: 0.00 元
[2026-02-04T15:12:18+08:00][info] 补偿后总额: 0.03 元, 应退款: 0.03 元
[2026-02-04T15:12:18+08:00][info] 开始处理在线支付退款,金额: 0.02 元
[2026-02-04T15:12:18+08:00][info] 进入 handleOnlinePayRefund 方法: {"pay_type":"combination","online_pay_price":"0.02","pay_type_detail":"{\"welfare\":0.01,\"online_pay_type\":\"ums\"}"}
[2026-02-04T15:12:18+08:00][info] 使用已计算好的在线支付退款金额(含差额补偿): 0.02
[2026-02-04T15:12:18+08:00][info] 最终在线支付退款金额: 0.02
[2026-02-04T15:12:18+08:00][info] 开始判断在线支付方式...
[2026-02-04T15:12:18+08:00][info] 订单是组合支付,尝试从 pay_type_detail 获取 online_pay_type
[2026-02-04T15:12:18+08:00][info] 解析后的 pay_type_detail: {"welfare":0.01,"online_pay_type":"ums"}
[2026-02-04T15:12:18+08:00][info] 从 pay_type_detail 中获取到 online_pay_type: ums
[2026-02-04T15:12:18+08:00][info] 最终确定的支付方式 payType: ums
[2026-02-04T15:12:18+08:00][info] 进入 switch 语句,payType: ums
[2026-02-04T15:12:18+08:00][info] 匹配到银联支付退款 case (组合支付), payType: ums
[2026-02-04T15:12:18+08:00][info] 退款使用配置类型(组合支付): mini
[2026-02-04T15:12:18+08:00][info] 订单 wx750351155460046848 已退款总金额: 0 元
[2026-02-04T15:12:18+08:00][info] 订单 wx750351155460046848 供应商在线支付已收金额: 0.01 元
[2026-02-04T15:12:18+08:00][info] 订单 wx750351155460046848 供应商已退金额: 0 元
[2026-02-04T15:12:18+08:00][info] 订单 wx750351155460046848 供应商剩余可退金额: 0.01 元
[2026-02-04T15:12:18+08:00][info] 订单 wx750351155460046848 未找到平台子订单记录，平台子订单不存在
[2026-02-04T15:12:18+08:00][info] 订单 wx750351155460046848 平台子订单不存在: 平台子订单号=3HD3PLAT_wx750351155460046848_1，跳过平台分账退款
[2026-02-04T15:12:18+08:00][info] 订单 wx750351155460046848 构建分账退款数据成功: 供应商=上海达达123公司, 供应商退款=0.01元, 分账退款子订单数=1
[2026-02-04T15:12:18+08:00][info] 银联退款参数(组合支付) - 业务订单号: wx750351155460046848, 实际支付单号: 3HD3wx750351155460046848_1, 退款单号: wx750351155460046848607, 订单总金额: 0.03, 退款金额: 0.02, instMid: 
[2026-02-04T15:12:18+08:00][info] 分账退款数据(组合支付): {"platformAmount":0,"subOrders":[{"mid":"898310100011808","merOrderId":"3HD3SUB_wx750351155460046848_1","totalAmount":"1"}]}
[2026-02-04T15:12:18+08:00][info] === 银联商务支付初始化 ===
[2026-02-04T15:12:18+08:00][info] 支付类型: mini
[2026-02-04T15:12:18+08:00][info] AppId: 8a81c1bd96cf23aa019b078242721f2a
[2026-02-04T15:12:18+08:00][info] 商户号: 898310100010854
[2026-02-04T15:12:18+08:00][info] 终端号: 41AUZ7C6
[2026-02-04T15:12:18+08:00][info] API地址: https://api-mop.chinaums.com
[2026-02-04T15:12:18+08:00][info] 环境: 生产
[2026-02-04T15:12:18+08:00][info] === 银联退款 ===
[2026-02-04T15:12:18+08:00][info] 原订单号: 3HD3wx750351155460046848_1
[2026-02-04T15:12:18+08:00][info] 退款订单号: wx750351155460046848607
[2026-02-04T15:12:18+08:00][info] 订单总金额: 0.03元
[2026-02-04T15:12:18+08:00][info] 退款金额: 0.02元
[2026-02-04T15:12:18+08:00][info] 分账退款数据: {"platformAmount":0,"subOrders":[{"mid":"898310100011808","merOrderId":"3HD3SUB_wx750351155460046848_1","totalAmount":"1"}]}
[2026-02-04T15:12:18+08:00][info] 银联订单号: 3HD3wx750351155460046848_1
[2026-02-04T15:12:18+08:00][info] 银联退款订单号: 3HD3wx750351155460046848607
[2026-02-04T15:12:18+08:00][info] 订单总金额(分): 3
[2026-02-04T15:12:18+08:00][info] 退款金额(分): 2
[2026-02-04T15:12:18+08:00][info] 分账退款子订单: [{"mid":"898310100011808","merOrderId":"3HD3SUB_wx750351155460046848_1","totalAmount":"1"}]
[2026-02-04T15:12:18+08:00][info] 请求参数: {"requestTimestamp":"2026-02-04 15:12:18","mid":"898310100010854","tid":"41AUZ7C6","merOrderId":"3HD3wx750351155460046848_1","refundOrderId":"3HD3wx750351155460046848607","refundAmount":"2","totalAmount":"3","orderDesc":"订单退款","platformAmount":0,"subOrders":[{"mid":"898310100011808","merOrderId":"3HD3SUB_wx750351155460046848_1","totalAmount":"1"}]}
[2026-02-04T15:12:18+08:00][info] 报文体: {"requestTimestamp":"2026-02-04 15:12:18","mid":"898310100010854","tid":"41AUZ7C6","merOrderId":"3HD3wx750351155460046848_1","refundOrderId":"3HD3wx750351155460046848607","refundAmount":"2","totalAmount":"3","orderDesc":"\u8ba2\u5355\u9000\u6b3e","platformAmount":0,"subOrders":[{"mid":"898310100011808","merOrderId":"3HD3SUB_wx750351155460046848_1","totalAmount":"1"}]}
[2026-02-04T15:12:18+08:00][info] 报文体SHA256: 2789f6c8facbd3586ee03b52778b004c12f4949dd38125f0298f4c7351bb056c
[2026-02-04T15:12:18+08:00][info] 签名原串: 8a81c1bd96cf23aa019b078242721f2a20260204151218cb4cb8fb0e435df0a49d366778dcd4fb2789f6c8facbd3586ee03b52778b004c12f4949dd38125f0298f4c7351bb056c
[2026-02-04T15:12:18+08:00][info] 签名结果: ogjBo+Ynw0RBqbeGl1sow2CTjmKoIWbVVtv4S13x/Tc=
[2026-02-04T15:12:18+08:00][info] Authorization: OPEN-BODY-SIG AppId="8a81c1bd96cf23aa019b078242721f2a",Timestamp="20260204151218",Nonce="cb4cb8fb0e435df0a49d366778dcd4fb",Signature="ogjBo+Ynw0RBqbeGl1sow2CTjmKoIWbVVtv4S13x/Tc="
[2026-02-04T15:12:18+08:00][info] 响应数据: {"responseTimestamp":"2026-02-04 15:12:18","errCode":"BAD_REQUEST","errMsg":"退款订单总金额校验不通过"}
[2026-02-04T15:12:18+08:00][info] 银联退款调用失败(组合支付): 退款失败: 退款订单总金额校验不通过
[2026-02-04T15:12:18+08:00][info] 异常堆栈: #0 /var/www/app/services/order/StoreOrderRefundServices.php(2005): crmeb\services\UmsPayService->refund()
#1 /var/www/app/services/order/StoreOrderRefundServices.php(869): app\services\order\StoreOrderRefundServices->handleOnlinePayRefund()
#2 /var/www/vendor/topthink/think-orm/src/db/PDOConnection.php(1521): app\services\order\StoreOrderRefundServices->app\services\order\{closure}()
#3 /var/www/vendor/topthink/think-swoole/src/pool/Proxy.php(83): think\db\PDOConnection->transaction()
#4 /var/www/vendor/topthink/think-swoole/src/pool/proxy/Connection.php(188): think\swoole\pool\Proxy->__call()
#5 [internal function]: think\swoole\pool\proxy\Connection->transaction()
#6 /var/www/vendor/topthink/think-orm/src/DbManager.php(409): call_user_func_array()
#7 [internal function]: think\DbManager->__call()
#8 /var/www/vendor/topthink/framework/src/think/Facade.php(97): call_user_func_array()
#9 /var/www/app/services/BaseServices.php(56): think\Facade::__callStatic()
#10 /var/www/app/services/order/StoreOrderRefundServices.php(1028): app\services\BaseServices->transaction()
#11 /var/www/app/common/controller/Order.php(957): app\services\order\StoreOrderRefundServices->agreeRefund()
#12 [internal function]: app\controller\admin\v1\order\StoreOrder->open_order_refund()
#13 /var/www/vendor/topthink/framework/src/think/Container.php(345): ReflectionMethod->invokeArgs()
#14 /var/www/vendor/topthink/framework/src/think/route/dispatch/Controller.php(110): think\Container->invokeReflectMethod()
#15 /var/www/vendor/topthink/framework/src/think/Pipeline.php(59): think\route\dispatch\Controller->think\route\dispatch\{closure}()
#16 /var/www/vendor/topthink/framework/src/think/Pipeline.php(66): think\Pipeline->think\{closure}()
#17 /var/www/vendor/topthink/framework/src/think/route/dispatch/Controller.php(113): think\Pipeline->then()
#18 /var/www/vendor/topthink/framework/src/think/route/Dispatch.php(52): think\route\dispatch\Controller->exec()
#19 /var/www/vendor/topthink/framework/src/think/Route.php(755): think\route\Dispatch->run()
#20 /var/www/vendor/topthink/framework/src/think/Pipeline.php(59): think\Route->think\{closure}()
#21 /var/www/app/http/middleware/admin/AdminLogMiddleware.php(40): think\Pipeline->think\{closure}()
#22 [internal function]: app\http\middleware\admin\AdminLogMiddleware->handle()
#23 /var/www/vendor/topthink/framework/src/think/Middleware.php(134): call_user_func()
#24 /var/www/vendor/topthink/framework/src/think/Pipeline.php(85): think\Middleware->think\{closure}()
#25 /var/www/app/http/middleware/admin/AdminCkeckRoleMiddleware.php(57): think\Pipeline->think\{closure}()
#26 [internal function]: app\http\middleware\admin\AdminCkeckRoleMiddleware->handle()
#27 /var/www/vendor/topthink/framework/src/think/Middleware.php(134): call_user_func()
#28 /var/www/vendor/topthink/framework/src/think/Pipeline.php(85): think\Middleware->think\{closure}()
#29 /var/www/app/http/middleware/admin/AdminAuthTokenMiddleware.php(39): think\Pipeline->think\{closure}()
#30 [internal function]: app\http\middleware\admin\AdminAuthTokenMiddleware->handle()
#31 /var/www/vendor/topthink/framework/src/think/Middleware.php(134): call_user_func()
#32 /var/www/vendor/topthink/framework/src/think/Pipeline.php(85): think\Middleware->think\{closure}()
#33 /var/www/app/http/middleware/AllowOriginMiddleware.php(50): think\Pipeline->think\{closure}()
#34 [internal function]: app\http\middleware\AllowOriginMiddleware->handle()
#35 /var/www/vendor/topthink/framework/src/think/Middleware.php(134): call_user_func()
#36 /var/www/vendor/topthink/framework/src/think/Pipeline.php(85): think\Middleware->think\{closure}()
#37 /var/www/app/http/middleware/InstallMiddleware.php(32): think\Pipeline->think\{closure}()
#38 [internal function]: app\http\middleware\InstallMiddleware->handle()
#39 /var/www/vendor/topthink/framework/src/think/Middleware.php(134): call_user_func()
#40 /var/www/vendor/topthink/framework/src/think/Pipeline.php(85): think\Middleware->think\{closure}()
#41 /var/www/vendor/topthink/framework/src/think/Pipeline.php(66): think\Pipeline->think\{closure}()
#42 /var/www/vendor/topthink/framework/src/think/Route.php(756): think\Pipeline->then()
#43 /var/www/vendor/topthink/framework/src/think/Http.php(208): think\Route->dispatch()
#44 /var/www/vendor/topthink/framework/src/think/Http.php(198): think\Http->dispatchToRoute()
#45 /var/www/vendor/topthink/framework/src/think/Pipeline.php(59): think\Http->think\{closure}()
#46 /var/www/vendor/topthink/framework/src/think/middleware/LoadLangPack.php(53): think\Pipeline->think\{closure}()
#47 [internal function]: think\middleware\LoadLangPack->handle()
#48 /var/www/vendor/topthink/framework/src/think/Middleware.php(134): call_user_func()
#49 /var/www/vendor/topthink/framework/src/think/Pipeline.php(85): think\Middleware->think\{closure}()
#50 /var/www/vendor/topthink/framework/src/think/middleware/SessionInit.php(58): think\Pipeline->think\{closure}()
#51 [internal function]: think\middleware\SessionInit->handle()
#52 /var/www/vendor/topthink/framework/src/think/Middleware.php(134): call_user_func()
#53 /var/www/vendor/topthink/framework/src/think/Pipeline.php(85): think\Middleware->think\{closure}()
#54 /var/www/crmeb/topthink/TraceDebug.php(43): think\Pipeline->think\{closure}()
#55 [internal function]: crmeb\topthink\TraceDebug->handle()
#56 /var/www/vendor/topthink/framework/src/think/Middleware.php(134): call_user_func()
#57 /var/www/vendor/topthink/framework/src/think/Pipeline.php(85): think\Middleware->think\{closure}()
#58 /var/www/vendor/topthink/framework/src/think/Pipeline.php(66): think\Pipeline->think\{closure}()
#59 /var/www/vendor/topthink/framework/src/think/Http.php(199): think\Pipeline->then()
#60 /var/www/vendor/topthink/framework/src/think/Http.php(162): think\Http->runWithRequest()
#61 /var/www/vendor/topthink/think-swoole/src/concerns/InteractsWithHttp.php(143): think\Http->run()
#62 /var/www/vendor/topthink/think-swoole/src/concerns/InteractsWithHttp.php(125): think\swoole\Manager->handleRequest()
#63 /var/www/vendor/topthink/framework/src/think/Container.php(295): think\swoole\Manager->think\swoole\concerns\{closure}()
#64 /var/www/vendor/topthink/framework/src/think/Container.php(359): think\Container->invokeFunction()
#65 /var/www/vendor/topthink/think-swoole/src/Sandbox.php(87): think\Container->invoke()
#66 /var/www/vendor/topthink/think-swoole/src/concerns/WithApplication.php(84): think\swoole\Sandbox->run()
#67 /var/www/vendor/topthink/think-swoole/src/concerns/InteractsWithHttp.php(134): think\swoole\Manager->runInSandbox()
#68 {main}

